014oFLs7l8ChQYNZb2105aUysEjvThjy3u9JlZYDgWFXsxgY.png,African Jacana
01nc3s7f7ouuehv0o6k05zcykqd1ps6itk0yqqye6nc6kwvz.png,Galah
01uuynqvqyxdldpild7irm2bk90dhm3hcwvvtl9rpa6hbrv6.png,Summer Tanager
03ofdwbsw5bbvogd6ats8zthly2rtg8xrutnapk90fd99v3l.png,African Spoonbill
04p3fh9yescm46v53wnzhsv15njwa0gvr67glfv7sx07mtvz.png,Palila
07lny1iel0bzyfh8iruhjy7mp8g6s8ceu8nuib7069m63ul8.png,Yellow-naped Parrot
08d4r89xlcu6ykeo0qel7kobgwfekqtagbwofut52618lga.png,Hooded Merganser
09rxix4sytw9fegot1rqu97cj3u0lyz24k6w4hq69u3e1d86.png,Yellow-bibbed Lory
0axag802mxbtje3op8zzjhaokkz1d5koz5fqjbpnwfpalho.png,Humboldt Penguin
0aygmx5aoo1xob3hfnf3n530hukujcr4o7crbvswjdwvo6j.png,Laughing Falcon
0b89hgoemq2q5s4byiansn677vu0p5c81iyd36o88cskego3.png,Lord Derby's Parakeet
0ik4gsrlxsm960a4fe6biyhfd9p5vlzs4g2ycs3gim483ero.png,Passenger Pigeon
0jo22ftxgnbkuhhbwnxb5drns2vof7wqt3h3aerlba9b1l4j.png,Kori Bustard
0m3qnw9yp8bz2xllwvsudpyg6o19nvgtvwrl62ik2cnqkm4u.png,Rainbow Bee-eater
0m8s519eu670q3l638wqnqog5jeeg08eulu16mc9fe5f3hj.png,Eastern Bluebird
0Rcneccr9WN6G2Zz4q06760A194cgYSMI9GyT2eSqd7PRJLx.png,Fieldfare
0wth1kethu1ukfszxl9xxf9447oy6rqbr5c8yq2b64gtt7r.png,Toco Toucan
0xiisrv5sbqf01x6lam86yowk0kg2x5juzqgrwof6y9cqucr.png,White-tailed Black Cockatoo
10ahrszfixj0cj5litcuu90a5d6vhfmx9du8tt1gzg3tca.png,Abyssinian Ground Hornbill
10c4gpgsi4fb13oub45u2c3ladfcdcvfzz6cu7xc9pcuhw0d.png,Akekee
129lllrjbllss2wc0nf3i2pkhp0oqp80rqgi0bjm78dhf4wm.png,Wattled Crane
12wi1c5jp1pspyd0r6u5u4oyhez5pte0rnrz9kthz5zgb6q.png,Common Chaffinch
13ntsgn2zbzoiuok5ghvnzo94b9pelt5iw4v84zd3qz01ecq.png,Blue-gray Gnatcatcher
1602fve3ownh5uiifdegl51mx0i2asjd7l9a4w3hbqolny5.png,Mourning Dove
1774ft4hk1sv6mcmfzom8c0ct1rhncz72vkm5zmox8ho6bds.png,Hepatic Tanager
1bzhnco8lgxrqf15hvfuwqucc2oql2n1q66x0u2bffe1ba.png,Ivory-billed Woodpecker
1dytf96i3vse239tdu1qbz8w3mtbljaqmx1lr87sgveea09j.png,Common Moorhen
1esqy0uz9mb7x4hl4dn0bgvhrdepmfwvwb7om3boc0xnuxu1.png,Black Skimmer
1gk0nkumz6gbbkw17qxrjyrwohxwih5bkdudu1ix6lod457j.png,Downy Woodpecker
1hqeztuczt7hwezgu4rs7n0dkz1tsdl74fuq7rmqdn8av3d4.png,Dodo
1i5maqmmzrlqgwe96pmpfouedthgrn0dr4bwlsbs0nwdni2.png,Kagu
1jtvqyao3w34emv49cg65ck223nc187kf0i8vm3jeevbfmqw.png,Lesser Yellow-headed Vulture
1um13uelqmo0lc8onuwcj459vq3y2h70zvx2w4k72jxyib.png,Black Falcon
1ypgg488ghlx1lxr6q0u2cajtdmsg0zmkg1ny8ejnpx5qcq6.png,Golden-winged Parakeet
2067d55c129b408b877af2776cc5b8e8167142408c5a3be4.png,Marvelous Spatuletail
225t8zffci6xdfv28k6ufn6qhcoge267rp6bykf7nan3u891.png,Slender-billed Vulture
22aq7jdw3wijjg12i0crvnwszvb7po5rjsx3i4382kg5kgvz.png,Least Tern
252p6ret26hhnvs1ythcrcwmz8gbyk6du4hqarp4d1t901r4.png,Australian Magpie
25x1uqmdkuy59sovvikmmh6b5zyebv68fqtpmk80l4q25ara.png,African Penguin
266309ok08x0wrpv210rz1hbv9hrg25fmtk8171kb6uw5ath.png,I'iwi
2ebg1czox0jjdnzxl1aflnjlgfd2wve8qfny7n44gm03wmgj.png,Superb Starling
2ejyvv4llib1cd82agkkcngl5tyglm45wnxrlf1tprtl13.png,Red-tailed Hawk
2fb8e74e08a44734992c85c4c956b2437e23411ea1729c6a.png,Bokmakierie
2gdn4n2ze0ksgq5fbfww2357l7lwqb2nzahrrdvmjckldx1y.png,Scripp's Murrelet
2hl754cbn69mvzsnhuu0jxadjrrxgg9r51udix6q792r2c0x.png,Common Buzzard
2i68rlv9xeagm9l0iciqcp7vcg3v0f11fhk3010d4n4p9eut.png,Crested Caracara
2kxs4382nr51hzt5dzsydaxvwy9mact4r79k5xt9ms183k9b.png,White-backed Vulture
2kxs4382nr51hzt5dzsydaxvwy9mact4r79k5xt9ms183k9b.png,White-backed Vulture
2nfdcpe9zj68gmgns7ji2ot00kby1hvou4y9z4ibkeyg9xcs.png,Peach-fronted Parakeet
2oh01om4rpn20rpqex67v5b54ip1wfhv6atd4alc3ii1dqv4.png,Winter Wren
2P107q3FZ431QHC2wClst4I5MnAANBcNi0jexlF02WFQoYGT.png,Wilson's Phalarope
2sj4jrtmn7prbv1frc3do52zhfo9r2b4tbqi9504wimyej57.png,Mandarin Duck
2srg7ummdts0py0hl5igr4lgavvq2m4jjnpgyktyo9x34udt.png,Shy Albatross
2w6hv38t94swr34bp2a92573qofnxpxa47dd71qd274na7jz.png,Brown Kiwi
2wt39djkdvzt2l54dh410isdilmd7sonamuvubvz2o2igbri.png,Blackbird
2ygs6x3qmgl8tcjjn9e7qju6u8b08xzae2qvnvwtpwkixxwq.png,Woodland Kingfisher
32wquncnhtfj2xfk1zrg1frixvs4quusc635gm5vx396pkwa.png,Red-lored Parrot
33kme5wu3cq45ntzmthat2c047isqsd2b1w11qe5xog2vb7y.png,American Kestrel
36frna5j0lua6rt159v58ib41o50jrt0ifmu9bzxlkilwrc4.png,Hooded Crane
38tck0u2uzeljuoyu6jeem6wb73zuqyopyyftwzqwia77nq.png,Kokako
39fpnzg94myu89ml3a98zz5fklhkonby6wdqfaly82oo5gj0.png,Snail Kite
3aclycg2p018nmgtuu13nr01sbrtfqmw2dazvvjir6vyuctb.png,Spix's Macaw
3bf149ce3f5243e59eb24afa96d89fd49d9f416c8fc0c53d.png,Flammulated Owl
3bgxlrv8q5d24ufirkzsdtn7w0r67asl0qbgvfcy8gm8daye.png,Chipping Sparrow
3CA8CqtcGbSvK1KyyXYn0H0O44HpUN9Q2Nk4Esg1rRq4IC29.png,Surf Scoter
3ioqovkfw2uqznzpex0ffe60sm7livhqr8nmtviir3fws7ue.png,Red-legged Seriema
3jrjl3llel4rm1xpfaai7emtpllq3v3r8qnn60mto49utjrn.png,Scarlet Macaw
3Kec6NToWq8UeW8Ob8s0VHt2CbB8SeGMhdudQkeV0yULlHyg.png,Bridled Titmouse
3ldi38uq3ahc0otnmo13ihz8u0jvhnmv4erx5qczhs4aydd6.png,Stork-billed Kingfisher
3nqmm69uvhpg0t8ybfyqb2s0stzjzrkh6or4hmy05w19sepb.png,Gold-ringed Tanager
3oLEYTV8Sp5vGVrQs84w7ExsK8heETLFejUjp5ktaEZ5bMN4.png,Crested Pigeon
3psvdjbnwa4o349nauhj7s1k9n12kwd15rk6b3ea1554gpfm.png,Slender-billed Gull
3PUmtuao3k94BV0VntB687U8j0VM5RArLQT8j7xHtc36zyC5.png,Grey Wagtail
3qunjcucpzgs6wts96xj33nwhymy9azj54k4udymgvst1yg1.png,Lesser Black-backed Gull
3rr5py3u1r753dlrlwd0an7ji0tefdyzre7vy9lfqyrehqr1.png,Crested Auklet
3sc9jekwwky33mlrjjn6csqhz1jt31i1304vx2adehia86.png,Jackdaw
3ssav6qcql6m1vvbw0gyp5iz0oszlqfnj1ylc8j6kap8dp4.png,Red-shouldered Hawk
3tts8sw656ot4u9b3vwg1n5rhu11903209bj1xuqanoi5u2q.png,Northern Bald Ibis
3uubb25m3bl9s7u8o9p2h5gti6bvws1dbtiotl07j7m53mzq.png,Secretary Bird
3wrzwgibnje17ar7lc3e3bifnudhiyz2u9iewe3lpdihf199.png,Grey Crowned-Crane
3yle7zfaa0ki06uhsno8fyhn5vnn81nr8ds663ov8eeok7et.png,American Coot
42xwbwndyb9pfpxbssc0pcfsdf98rxuugaw470pp6rzuazte.png,Red-headed Vulture
43xxagb36cpae84e5oj847n8n2u3rsxs8qpho55vjyyo9ica.png,Northern Gannet
476rtkr7gb43qd5cgpqj7fmmvg9ohroznsoo2xk6ir5jdarc.png,Blue-footed Booby
476tq2s60kg6r7okjy9jogyqm1lmlzsgjbxq30gh8d35vyp0.png,European Shag
48758a38f34d4a3dabe913d5b87a1032932742cfb93a7d9a.png,African Openbill
49uaz9d3pcsuxd2b90u8gk05pmi4eql8iwdek5b1wht2q8wp.png,Common Redpoll
4da5p9ww5ebbgtszkxtehfyfkkonyfgcfq0s186jehxdr6ay.png,Gray Parrot
4dbqm689jcn7mxeqsdhe2snwr68m0p2ejzsf8ajdvcvjk9n1.png,Black-headed Parrot
4eekxqguarp6g7gqlyh960aj1um11t1con01q4l4memuwmwb.png,Princess Parrot
4EFTXGry5cahphLQGSXNTuJth6TkztlwNDej8LdA0fcdiuvb.png,Oak Titmouse
4eonz0ad61k57v4glrfyy7vkvpwwvjt6izzbin05fraplwmm.png,Chestnut-backed Chickadee
4f1mp98nnrf16acfkwab7gmoh88ki997n0mqjtyxyc083q.png,Bohemian Waxwing
4ff9182bgtrmufoaqsjnanjc9ybrot91lacebeok4vxx5iym.png,White-bellied Parrot
4h9p9el5bd61wu70r4pvi2i0d70izsbeh3j4fgupt5al7zrj.png,Wilson's Plover
4npopgvbif5n80mbss88q5ntrgv4igi60bbs8o1z7k7zbzxp.png,Cinereous Vulture
4oj3frh6t2apj6v06157xte3eqmig6232ttc10n4zaxjom79.png,Greater Roadrunner
4ozp725x9kf4udxyklg1wahqg3rh2mmrnhxa3lptaapgifv0.png,Jabiru
4pj4s1d5u7h9e6yy21myeyh1cd9w3dg3julbam1so9u5roqo.png,Red-faced Warbler
4prrxh37pirm8gysk9qcwv9ecb1pa72sfjvrb53p40r13ikf.png,Little Egret
4PVkf7UJDkkErG3Pupj2gnRovYy894BX8mY63xxm0mcBRkkF.png,Asian Openbill
4pylp2ohbmikqzyrvc63qbgb6xoyvwb30ed8cvttll0euoo0.png,Eastern Phoebe
4q4r03gd2nbond7fh82zmn2kol9fr0gekckt8igrp99t4k.png,Prothonotary Warbler
4qvifsa6ub0nn3j0lhuwnphsll19n7cft7lqa3h2je9qe2fc.png,Black-and-chestnut Eagle
4qvxcn6og8ajcffm25qu8zsych84duuojlwlrlt43e58l6lp.png,White-winged Duck
4vop4suw06dt3u9gy4qljitsdexnxnzr1xssbfxp6cdc09sq.png,Black-capped Chickadee
4w7uxucs34xp0in0ui10067kvvxda2x8lqwnqmn4warosq.png,Gyrfalcon
4xsck532h32pt56jmmlr0mtalfm8fn6amucu78kvt9iell.png,Rusty Blackbird
4ypl7m5dq8qubkrkhy6e1n5obhi2rjamgpyhmsvv1pyesr8d.png,Emu
508k8a6xgz1tn8dwiux0o7d6nre9xkgh0hq1pi0sna6bbg9y.png,Tawny Owl
50qnvejwats0ryjkscx48i4q9z5ptvmjrftu5ymuzh9w8ox6.png,Common Wood Pigeon
521b1pqfvrnh4r34u5t3dspq8ulg3gi9g5lc6zqrdhmunjbs.png,Crimson-bellied Parakeet
521jpriyu159m2ggcp2x0vslwbea26nvifso92imlgo1cyoe.png,Horned Guan
54umjfy2ukslj3gw3bpnythai32oyo6sw71fl4hari4vzy38.png,Black-winged Stilt
55liivcis7sj3cf7ti0c4a20epkfm1dfh4pc0bl1h32szd7s.png,Tropical Parula
55msqb4wkxjo6iov58qfwtpdhy477gtyzvpszmemysjf7g.png,Western Screech-Owl
55sgzn8tz3697216bgqevmlaa69ln1cubnr6s2ny1gflx2rn.png,Striated Caracara
57j0ZRbHb8rmP7hdV7LgMSs3tNDmVQdY8xqGE0vJn1usJ8te.png,Southern Red Bishop
58dewzx2z2gw214aqirtkb6ojk5kje628zmg50q14lu94vuy.png,Carolina Chickadee
59890fo0z05nnp2hv2heajbbemb74sbu29phtkhudl78pg8o.png,Gray-hooded Gull
5ct0pppf99retry9do2bbomolzz1yok69pshug4onmr8d.png,Cinnamon Teal
5FKQWkEYpqmzZH5YtSAGQOnxmv1m0pmtNH5iM1fwyKbU730K.png,Garden Warbler
5g1hp3lngf4s1gjtfl7hgd7qzwacj9yy34dwknuw01uf8dk6.png,Great Tit
5h1sn97g39714r0mkk181cbtofsqtqed18tme5i30httyr8d.png,Bali Mynah
5h97ib6537s55gx6utpirjfkycem4vv0jhy19rbugvwk1voy.png,Tundra Swan
5ii1rdslhiw4thjfa0tv1lcerqp9ep9g8220lu53ollyv8z2.png,European Starling
5kqp9vebbu7y73eynvooctuyqkyhuj3h6pa95u3bsam57oxa.png,Northern Goshawk
5nqhrwlygsi08mc75cvu6y5o8xom9dttu2axzcw6gbju5k78.png,Herring Gull
5o0uijfksv998jgc39jobpsmfq4vmpwj10xyhxql04ruksny.png,Ruffed Grouse
5qrq7xz35ir8l0g5wt428fnq7a6ieufab8q1x21vil7pck0p.png,African Green Pigeon
5r6joqy3je5uairnpfq02dz9pms6canjb7rrpzixcsg589jp.png,Common Pochard
5sqyvmpwuoqgrtlxpc17oiwftqg1sexhvwz6y4ehfw5d95ku.png,Red-winged Blackbird
5tviV46qiUDs5fGY4Ig8AzY2Mz663lPksRTgR6Hg2aXpypPp.png,Australian King-Parrot
5ugs3nrmsozv4ofsacz0dnd9tjdcj32fkw06t28vafvimheq.png,Red-shouldered Macaw
5yq6arhh2ths5e2w55iw1bfgry6qeqbeyqiw9a5yp0ubjy21.png,Paradise Tanager
63gucg2owfefrbkfp3i6zluitdkc8aju279grvkigft9brgh.png,Pied Crow
64iibr108d41ncb4v333bdfq370iin8le8mkf4957h38ykgg.png,Crimson Chat
6558zpvd3a50l2ju0sgi1hfzvyr9axinez6phhh5iq7evw1.png,Northern Shoveler
66rd2pnoq1umxr04r94pby3mslkqqjuscfrgdwih83696urr.png,Black-and-white Hawk-Eagle
6b7r3n43bmd9vtia2qmxpix239x3xpd0qpm1c9hqieo7hbgh.png,Wedge-tailed Eagle
6CVr9KjjYwu2kBe4AqphsWqyWoRnzNLsOPwaaYLMld3EULep.png,Red-breasted Goose
6d7a2yshts2di85sdffnstq5m9nceukcva3lqsva35tji8f6.png,Rainbow Lorikeet
6i9g5ry7yx09mmh8g4dm69oogdlhrb0wtso8mgw4rl00fhsi.png,Horned Lark
6izo0eeedbf5srsmhe8psi17j143xwqwd43h1f7yxazqki92.png,Shoebill
6kievwxkddszyv0gbg09ibzrqxprm1vtn3sssp8z5hkflgh9.png,Yellow-throated Warbler
6mxiiw02y92f4aj039nlk7nsr25edaqoam5fc13k19wpq44i.png,Rock Pigeon
6peFMcCII96ePhgdPLDNfaEGTfwcMZ0D6LMJFACJM6Rv5MRy.png,Andean Avocet
6uvn4jleh4jffsghll8jjhg1kw9qwyr0q5vh1m7qv6x8mt2g.png,Superb Fairywren
6v7ecg35yl6pb34yjrifg2y5d9c3hk19rim02x3cx0d6zxi.png,Brown Pelican
6wavd7t1bavt38tgtiy1z5x3ukv5dw19qflq522bo6k71pp6.png,Maroon-bellied Parakeet
6yjictpb71awup3mxdxiqi8xu63tmrllw8rluugla5ytv4pq.png,Blue-naped Parrot
717nag48lu5cb1gir0kqns3gigh90hw2yysh8fkpxer84d3c.png,Cockatiel
71kchldvpm6gposyle3id8f0syg3xwen2mwb6d34wa0qoylb.png,Black Crowned-Crane
79cwcvmd9ibgik9e65mkhwq4m2fxl85155sof7uu0roobkf4.png,Rockhopper Penguin
7bslbuyrqz515c09go0hnt60fzea86xme1pniecenebihhvl.png,Lady Amherst's Pheasant
7c77lp54p9cf137vecrmq38q2z0bmcbmnaicnog4kvy3636n.png,Palm-nut Vulture
7fqthovffzalhntw5z344ud7z7noha5un3a45aghlf718j3.png,Victoria Crowned Pigeon
7ld3lo3gqz19cy88m7nmftruh2nrabtq8iyznoz4hkvbu8ez.png,Western Tanager
7lpuaed8ovcyal7ww6i1ytimd5ig4srbdb2u9ps1d7c79hec.png,Cattle Egret
7muab9i0kig6hwxz8ov1jqpfvburmq4r0v92zo51oahchn7s.png,Rufous-bellied Kookaburra
7pn2srt9burnm67yjdcwcxpde8ig1j76m1ihcixjvuozr956.png,Common Tern
7qal4m39kv6z19pgripef2w0u1jbqx25gcxp104sh78ky6xk.png,Common Gull
7tjcja9e5wt9zlquescycg0vt498mfue9zfdo8w01z8cpwwb.png,Red-masked Parakeet
7uaqqw5nu9y8ozcy4errv4ede9a5smod7orrbtv893nptse.png,California Gull
7voje8dD36Qb2rgPCcgVrGXVpVLFkhjOXqCgthzcr9J7PpZ8.png,White-spectacled Bulbul
7voje8dD36Qb2rgPCcgVrGXVpVLFkhjOXqCgthzcr9J7PpZ8.png,White-spectacled Bulbul
7ylpmj5jcibm5u5luzu212w8n4uh5gqtzrjpte6xuo65v2n.png,Laughing Gull
801vtx9rblk10mkm13bqesjnmzvu9xul0t58tzg3tp6wrfyy.png,Gull-billed Tern
80N8f0Fc3fykkLdEXyNo0fNj33yLeWafKBgynB3HgrVo3QV4.png,Pine Siskin
80sipg5taqsjc6hc2d4w4ktzjme0w3es0hokvnk6r015497a.png,Trumpeter Swan
81zk2kpwj9gpgps4en3nwb55ndrjdzj4qefo51o3ly40y124.png,Turkey Vulture
837tix9ieom66byunkm1762inls2lw87x2y33gc8rl69kyp3.png,Pileated Woodpecker
85j111lzohtkk0k9m44ie7dq779l07lzob91t7pn8kxbaufm.png,Guadalupe Murrelet
86g50lyxn5w240xnh04rysdnquw3rxs895oidw4zcsfzxklv.png,Sharp-shinned Hawk
89wrqxzmu1pvyfitpswau58u0vazh73h5twm1f98z3rxrn9w.png,Monk Parakeet
8c3ir9uf83gs2hv5i2941ztavwg9t9kyuw87vphgbwnhc5h8.png,Common Ringed Plover
8c6q0td2im866qn51hty3ce1dkal8yx2d8zeaz7jjliv4w7o.png,Silver Gull
8dqrr75abq8iu6la1j99atmgvaipqu6txcbce5ndpcqpi0n6.png,Pacific Parrotlet
8funm3wim60ql9rgpbjv7yzka7vjqm8ycr9cazidkmq654nm.png,Hooded Warbler
8gjMQILYW3iFApvx7oB5XOSRMXoL5TH5h98us55Jf0yKPXC3.png,White-winged Crossbill
8h0atwcjrsaungqd9xwrkhp6vs7vo3e4euvzfd6ibn3rhvzy.png,Cerulean Warbler
8lbsz7kg1rxc3anngpn10ldiv9olhuxim31d1uiyeh9oq1el.png,Cape Vulture
8LyzzDI0y9zik974pWMHjQloFxP8aaLkZHTI50qp46jrAkg9.png,Australian Ibis
8me1ohxo298t6h33mshf4ujyr5pv941bi8cptk4y243uyg1k.png,Great Crested Grebe
8mn407nabhfv63gkkcsbcxhep9v5lo5ty4rg1c8kljegh5nn.png,Purple Martin
8ozzuke12mlg7a5u3afrfc0thav4m63r878ujmiw3tghn3u.png,Scarlet Ibis
8rom329idue11d04x102nhsgvvr7yt0mvrb3i33olab495hv.png,Demoiselle Crane
8uh8hz1f430jbp1v8prcu83iilgni37c28h3pyipqz4ji58z.png,Green-cheeked Parakeet
8us8ygmendzwub62koomifwmmscbpp62wryknv72v3bx4whl.png,Puaiohi
8Z5naN8O8Rno7SGo39mzv1fBMQMR3LWf6v0V4cy800B238pK.png,Blue-gray Tanager
8zofuo3u3poc9lm17t9gpqpjehugsnrk95j0hybj8vxu5cat.png,Eclectus Parrot
91dg2dwvn65flz4fwe0utxxnk51995mbdfkc2dvkjmrzesr.png,Black Stork
91x0tsp47uh9c9zx5xv5tz7wzoy39yoebdr7p72b00den5qq.png,White-crested Laughingthrush
922u9fpu0t2pn76meeffs9z7oeb35d0507myozsxu2ebnfx1.png,Least Bittern
92degmxa33susd9vke70qxhwfcampq5gm0bcfj08vpv1sxo.png,White Ibis
92degmxa33susd9vke70qxhwfcampq5gm0bcfj08vpv1sxo.png,White Ibis
93lc4nyhz62hq5f87k8hr8wdfis4ucvwrmhr8izdtca0uy7e.png,Spectacled Owl
94d0uxbzyvkap9ulasjhytqu09xusbdxo4hsu06hijx1om59.png,Harris Hawk
94v8099sloibntymb8emgzrrbbm2608dgdz8wqlv909lpod3.png,Rose-ringed Parakeet
95hkf8yOWfpe1DNL4mrY8PBGAYZqsl1wShbDp1v47HdHNSQi.png,Smew
97Wll0G9CENTM75bYZv61ARM7kh7KgWJEP09l7U7mK6gfp0i.png,Blue-headed Parrot
98wwy659ul6l9p0ufjib2mj2xxo5ef6nb9lrbx3z5vvi33en.png,Mallard
99857a165e6f4a52901f5810e52cf9d6f3c34bfc8b868f3e.png,White-fronted Chat
99Y50tN87h0679nGZSoH7140SN567IlJM8wbXXqTm7FJb6EJ.png,Sword-billed Hummingbird
9bf0sirxbv8s4u7sde9vnpv8v25vy0hscivs9yvhhhs6dqcp.png,Bulwer's Pheasant
9c60abe9aae84ec5ab52f3107075c9b9fe594ca69225a6e7.png,Egyptian Goose
9drini0dmqjo6fkjvc26t97d3a8zd1d17gbyxbxarqx2oc6o.png,Redhead
9dx9g3h0fh45fwu7plimgcr7w2jfg2ecdydie3vhguaa10vw.png,Black-bellied Plover
9E7UTGjkPpoVRrEToE0meUh7wu9wi8N7OGR5CoznEVKQ8Mmr.png,Adelaide's Warbler
9eWsTAV5RCsVprFIm62pMnvR3aroxRBGcqOneNnffe2szsk9.png,Indigo Macaw
9fFSR2BePXRFu1sVkRuM9UPAQ0hILfT2i4NA82OjzuwGiC86.png,Australian Pelican
9hd4dpzybseqptd26tworq17z31vw2onxkh947fwds7oau8p.png,Lord Howe Woodhen
9jbnrruo8u8sox6fk9khvogx07bplz8jo08odk9ogjdx2y8a.png,Florida Scrub-Jay
9lltfshukdty7uabdl6oylnoltf334wgcsj6jcowrim70523.png,Eurasian Griffon
9nnt3yfjcz7ib228i5wobz7g37yi41wdnp1r3s1doiwo86g4.png,Bearded Reedling
9q9Z72gjoO1ks0h8RqtU1Q303A87zR07dl8Kgi3BySyyy9a8.png,Spectacled Flowerpecker
9rvsk3tgu2s01bckycndb301kmis8xpep4drd3tzl4l8cqug.png,Wandering Albatross
9rzr0j55vdh3ypppa7snfx5sjmj18u3oeiqwimvhwgf0n5l1.png,Common Eider
9s8zqjbcyx1bl4d2rbiprkv03plokojio799h9jrz9y1o6j3.png,Blossom-headed Parakeet
9vf4ruq9ux9m5n025incfo5p3zw328foilstjx23fm0l4b78.png,South Island Takahe
9wim3oop5p2q9udeysr55yrcyrnnicfam8mb9znvqj3oham5.png,Hoary Redpoll
9x0g8xvf2t902csjyhpm717ljg84z3zjy2etix7ggh4pps4u.png,Hooded Crow
9xbvhann11yl5zdp0hsxa5p4746olwjltj9hgie9j4s5j5ds.png,Hoopoe
9z3qz2a216udinfc33ywviyte5gvukc69qbpv6hrif6peam.png,Great Kiskadee
a14zh0umpzlf37nbjo3hykbcl7sk14rikfrrrr6qwfkkzfnt.png,Nanday Parakeet
A1KDFGbvibDN2XUE4Yaa6Rk6QPN4DtmUNuEWHkG0XmzBHLv4.png,Brown Tanager
a21813d65bo7y5d2lf0aeddqul38bcg5p9lvlm531uwjigxz.png,Jandaya Conure
a2x0q36ulyhh0xhjv4khcchjdsmg4u0qq8fu8nz00plca6k.png,Lappet-faced Vulture
a4vc8lkxyxlmw7fwcwh9y60ighv33otfh79409jfvsceq0ab.png,Loggerhead Shrike
a64umjhdwwaszmgn604y2i3ocrvoom34z2zn42or6cffhevk.png,Rhinoceros Hornbill
a6hxcqky3tocchvne4nixb3gm1u1mwhibct4j1qlt55dw4yn.png,Spoon-billed Sandpiper
a82ejsddxojwrqv3v9nkr1j1w3qmuzqb4uwgjjcv3sy721.png,Hamerkop
a9r8p6dae7pw92votm7d1st3e8g6n7rv0lg5vxy6bi26du7.png,Golden-breasted Starling
ac4ngkio2b93dd63jqre88i4d7nyzyzzopabbs4l0xge9c3h.png,Purple Gallinule
acf6a289be36414da937bc637e22e812397648f98a4ee290.png,Red-bellied Macaw
acfhzkapetkpkrpcw8fqczjpzfytcig5k9ima36feqneuqct.png,Swallow-tailed Kite
acluc7g3vp2gmlyth7q7jmpqf3c21kvqqu61br14w0xvwu2.png,Black-necked Stork
ag7zk34v5fil0gds5hmesmujg1kjnzikmhjq5svq6r4vwxh3.png,Golden Parakeet
al7t2md5a5xxgqcaoah35ol50p14hnc03fl6gdk68nodgwk1.png,Gray-cheeked Thrush
amxxwlilovge8nzuq8j72hmr2pt0gvn22zofg1blgdn4fnoa.png,Cyprus Wheatear
aqkqh7t5giyrvfz7bgmvz95f1l49nes0zx5cs9qhinlwlcv5.png,Sanderling
ar2bjv0y1ti5j3x83uo6s6b5w0xrypfojsz7ogf4h4rj9x.png,White Wagtail
arm0ufrbl2epnvkol4ctm0o1yqwinubqhd5yvnfmpzaq4l7k.png,Hermit Thrush
asrgn1aaanr0mt1akrgqoek0282lu9m76lupjpkoa28h8eh.png,Eastern Screech-Owl
avk4owel3hpwdevj5z5rt4idk1bzb1gjhewxo7v6kdwdte7i.png,Gila Woodpecker
awxz4jvwmsq3yd0m2gv895hdr3yme25zbhjuunp8g63b3r1i.png,Bourke's Parrot
axl6cmq7kv9f96qe3ldqfnvcp8q8ggrlulphyw7n8kiw1z9o.png,Buff-bellied Hummingbird
AyIIsh0cI5LB0yjss3XJcB3QquK1VG32Yn0Lu6iPIHrfnU7Y.png,Black-faced Spoonbill
azxdlackgct5bijx9xsg04qsndgug2686zgqplq2leq1k2js.png,Great Hornbill
b07aq2jxv3iqgbiaxr1y2jzfbcdqfhzvxrxrkctvvj5pbthg.png,Black-headed Gull
b08rw3xzgsh03uf25m62tfbeszds13t8t2uld0i7vddzavo4.png,Blue-billed Curassow
b0oz6rl3kqlq97tdq095aof0un3i3z3rqtxsivihgxxk5uls.png,Western Grebe
b5z0ra8x7ou0qvker635iqwqkihjfqhvczcwoyklrfse4fk0.png,Mourning Warbler
b68ps8gtu3kvoxxxzjoiv0x3lrauxcefflusgiagmnyvmxdv.png,Black-throated Finch
b6942eey00twok6q296mo0yv3eehhcptokb4k8fseu41hd3z.png,Green Kingfisher
B82u3KVejq30AE76Dj04svbgmdBC01o00kzQ6bHbNUp6Ftt8.png,White-tailed Eagle
B82u3KVejq30AE76Dj04svbgmdBC01o00kzQ6bHbNUp6Ftt8.png,White-tailed Eagle
B8J3sWOQviQ8HFxbLWQ9f5sxYFQccR1ElQd7HavAOcxKQKb7.png,Noisy Miner
b905says4wtyxmbpa868t2nlzrddn3k1af2zlxbrfoyyprkv.png,Azure Kingfisher
b9w78bxvnzce2ao90tz7xo7n34d13ue6c2vn3847mmlo1lp2.png,Common Grackle
bbjccy3a7hi0gqkd31qjawp4ufexx3jucckpkuc2lebtz09a.png,Rose-breasted Grosbeak
bcb08uwjx9g7naagtwyirnvyteydgubsvbd82q09fsuwxr3j.png,Clark's Grebe
bchn5dz7jg2oiy7tl406kziauwdbkpdpc921chn6qtg9ydu.png,Siberian Rubythroat
bd7jxjdcd38lxm9k688a6cq4xctm4uhvt7j396658yorluyn.png,Blue-bellied Roller
be5o7ncfy92sjnjb90p8wzpj6b4gmlyu1kztc8zjqiu6jtv4.png,Maguari Stork
bev9stxrqen00q9us2l6a3thugdwn8g4fd3yi2kms5ippff.png,Carolina Parakeet
bghrgtuaczspa4b7isdzw05hniluhtwb3mcmuvh554ujp96.png,Pink Cockatoo
bgup12yv0hux95c4fukravhyhpkhc14pe7q85ettnkz53w6p.png,Faverolles
bikveo3x8kolrxzpv8s8q3vsmyb2ffp2zmud8iwyc4sz17n2.png,Senegal Parrot
bimy4fqjiyy5xq4dd4lb954hsmzoxf832gy6ra82iiljy889.png,Brown-headed Cowbird
bjtxaunumeofly5isqdlhbotxb44920hy643x24d9j1eljid.png,Eurasian Wigeon
blsfiP2ZgMCsFwF4o2Rc2ippgtfVyLD2cgJaEpIwAblo5mnq.png,Violet Sabrewing
bnfxez52agc71obcq98c0ozscx0cwr6twt74sp707tmfak4a.png,Milky Stork
bng6ue5rxx4hxhxecuv5gpppcyzj6voapc2fnqzmceqtojs2.png,American Pipit
bnyd7n9lb7ci5dkeo92m5xyq6vk9v4t9j9wnm3lqpwf5n8tz.png,Jocotoco Antpitta
boxn9cekn8wob4aa7hvbmwbsf2mcignn629qzm03zqnwbkm4.png,Red-bellied Woodpecker
bqdwa24ntlr5wolojms4pfenibf0g1hwjnq17q07u076cs5y.png,Long-billed Dowitcher
bsuiawcm6rc6gbka1u2eaovei6ow78wi86akb9y9f329eaqm.png,Crimson Rosella
btnje2m4dupqnrhy1yh35zufgse5iwouhpwjjbaddzkb4vve.png,James's Flamingo
bu0rcv3dself1u102q4zjvbafx121yfdavggus4qaftgp3rs.png,Blue-throated Macaw
bwgsvcsd8tmkan8ge3l2kij83v8tijrcavq6sdpoksony98x.png,Golden-winged Warbler
bxioxr9ica8pae09hf7e70w5zbxtd3i7o7daf5muc64r7toq.png,Black-throated Blue Warbler
by4uft2ifupdwfl7mjp01h6r7zp3yq9i0ihslxqlhm6x16it.png,Boat-billed Heron
bzjlke30qs70gnq6x7o3opuq8kue6suohyb71wwfqasvypqn.png,Pink-headed Warbler
C33BrAMnvaVInIe0CBJyR92HqbuER6X0vVn5R42gxA8bG3Z5.png,Brown-flanked Tanager
c34qgo0ie4yzq51v85t82wo9ykzmmetp8zdfbf84yhcjavro.png,Rosy-faced Lovebird
c50o7bsjzv6d49kh97zn102j2yoarh6s1uja2wsvkw10fo72.png,Blue-winged Kookaburra
c6GhHTF944R1JRdhHrxtDOqG8xWTUBewLSZh2YNBQ6KHW1Ww.png,Puerto Rican Bullfinch
c88edkkd6tgfmho3mp219fal8xj9unfkt8bf3id7g049kt2i.png,Black-crowned Night Heron
c8br0fb5syhex908ewieny6kuaqnc92o4jgzrn6i79xycanl.png,Spotted Towhee
c941c70ox57ubzbxn7t7hcq3xvbkbhnaknz9r48yllptnasx.png,Ross's Gull
c9utx9022dpo5t7ssbaim7a6kgbvu2nbnn28hslk5gk7v5kk.png,Common Kestrel
cc2r4agb344d6lletuz4lap36idmd7aktp6gfroh0rr8r37j.png,Eurasian Wren
cc47rhjy26r4fmjezc07tvqedaje3e3vnwo17xrw21ika7hu.png,Golden Tanager
cd0i1xiwlauxpt1m608zhndlzft2eum35b395rxhqj7c0w7z.png,Ferruginous Hawk
ce7aoukdfzqtih9z7xflrtdu3o8vm4qfpdmq22l1i2in0b98.png,Saint Lucia Parrot
cfogcvvsfg8kfen267zdt0m9sjhqq5r1rrz2pif0o1m0yqk.png,Macaroni Penguin
ck0z6ab8yi57p5u0jp55gx4jccu90blxarde3pmc4ywbz4l.png,Greater Yellow-headed Vulture
ckkl5q6824d7ha4vtzywws0nrm9vvm42ls8mevts12cx5p4q.png,Common Murre
clni2noiefiskevlvjk8227vx33r8khtwm4h1aethf3kw3l5.png,Kakapo
cm0xf3yvfc2fzpwgf0ciw3tdc3kd5qdn6296xxekv492vyjv.png,Belted Kingfisher
cmigjpgrasld5fo2u0i3l27jcfpjfexvgorps1gzire2xv5b.png,Azure Tit
coo16aedondvmwc62irk3exfg1v3x3u4bliq1nx6lhvjsawo.png,White-tailed Kite
coo16aedondvmwc62irk3exfg1v3x3u4bliq1nx6lhvjsawo.png,White-tailed Kite
cq4qdnx2kqpkhry7vwxnet3wof1dn19tgc3pb0u1nmoqqqfu.png,Willow Ptarmigan
cq4qdnx2kqpkhry7vwxnet3wof1dn19tgc3pb0u1nmoqqqfu.png,Willow Ptarmigan
cqbm36gbnr1lqo416njbfbf95uyufi9s8vczpxp4mhs68xfq.png,Diamond Dove
crwok16x3c064p26uqmmcpb7ts6ntutgbymu2lbbnx1210pc.png,Common Myna
cu3otpphea8uu7eme00kx4gwt3aznp15t4cet6w370pmkt58.png,Northern Parula
cwz700mgbtw4yepq6lz3jpttynt01d3xyvavsnkijwse8egr.png,Superb Lyrebird
cxqsjl2ai1ea7rfknxt3cffyjmtvbg5qeddk9h3smcfl2ue1.png,Hawaiian Goose
cz4a4asvhry6jpylm68j7t065dnriups3y95g2bq5jubzhl.png,Rueppell's Vulture
d2ir5ws277306xiple9gvd5phq4ahpsyt9m7vf5jqc770ysm.png,Gilded Flicker
d52c9t1knxdvvtrx288lormzf5t5w4t9drdu3usqdjdnzn0j.png,Bonaparte's Gull
D650A8ZtH8t5fcX5SX4qkfdf02OVmEEXD85k98xop8UifICk.png,Rose Robin
d84h5gbkswcs4jhhm5qbwdqhmdnmpvf815ui12eagokbwsjt.png,Eurasian Magpie
d8xn0nmwovryfcq7jd6t8iiybu5b09h9wwh62b1tquq2sdd8.png,Uncape Parrot
d931gcbnhxdk5xekz6h233j2g88qyowm3wxn1e5g20z5gi5f.png,Red-fronted Macaw
d9ybk84m29glkfosec20w6mv56d0jcwwfzti0u2vyno4u77s.png,Hawai'i 'Amakihi
danzr2f5tqyeif19krsue5rc05rwgpo7x4ril3vujiqh4suh.png,Pygmy Nuthatch
daq4fj4Oit71MK7A2W4ggC7JH7i6sI8q5w12xAiHZUxktR77.png,Tufted Coquette
dba43c1f596d43d084a439cfbdcb97d2d1a84afd9001a319.png,Black-throated Magpie-Jay
dbdncmm9vwrvqmmhsrpr8844io2efl64gf1dn9tyu218lcgp.png,Plain Xenops
dCYjLyhhEGo9IGTEWdCISnLxaf3gmNwrgcNBf2FTe6K67c52.png,Common Cuckoo
dd13iovvd13j2rcl1rxh9unwkng3t51klxxvod0yhnthexeq.png,Killdeer
dfjz8apfreqpt3r6f7z8l00kvvqxo4fr2fqihe9788k111od.png,Fischer's Lovebird
dhe2gveng2pz2fsgg5rxeo9foqiylvstizdahsfh9z061vq.png,Silvereye
dhpweyfealcwf76imay4b4i5kuzulprswutz8l6atals24qw.png,Salmon-crested Cockatoo
djDqajZLITUcFjTAktd3KsQGCu1oJ4mOkIIOxIGfOQPhP5VL.png,Spinifex Pigeon
dknfzxcaxuzjbpv1qqbpfgoom3h4jxoulcp0mpy6lz8ybju0.png,Yellow-breasted Chat
dlepronjslcct8p27sje9lg1onharc2vz7cyn02gtnpej304.png,Black-crested Titmouse
dooilzmw6eay8npf6cho4f6z5cnrkxx0zyvlmtzgm50jci6i.png,Keel-billed Toucan
dou0etg1dv7cdkffk16ofq85t5dbf4kmyoz8e4x44a5m9sb9.png,Pekin Duck
dp46z7fwcni3wwvwiaazl6gr7b7xfqe9yb1qsmgmdh0sy4n7.png,Eurasian Collared Dove
duakrxcqc8036e52bbadz76ariybuzgubjp74i28szyl7u9.png,Chimney Swift
dup04aqd8l1r0mkhi7sesepf9kk2wy94tum3u0zmf9wo8thi.png,Many-colored Rush Tyrant
duuks1o4e54pese9whvn6i8lsd4yr82yqhowlgi41nmjiqh0.png,Coal Tit
duzu8xm0zu948st0dvw1axv65nsb0jwcyt33za54c8pje7dw.png,Egyptian Plover
dw443nrbe8nbijkmq5bjcjx76zk1fi19yvacyzn1dn6wc3zt.png,White-headed Vulture
dw443nrbe8nbijkmq5bjcjx76zk1fi19yvacyzn1dn6wc3zt.png,White-headed Vulture
dw7ii7fhpg828d8h8axpny614s2o8dulw3fw4u99w85wvdi1.png,Pallas's Gull
dxp5f9046u2fofost03j3nphpg9agnvsfaah8f2m28qlw27m.png,Blackburnian Warbler
E0Zha7m7qnf0dp6una03lL5IUyt60j406B5K1xiuBNquNhLh.png,Red-eyed Vireo
e3shps4ufyjdmfowm64id90h95zewqvx8vl5wtj88tqssw9s.png,Pied Oystercatcher
e87ijlt9dwgklizxpes541vyzvogwh53k2wmi2aurf7orbm.png,Pink-footed Goose
e94tmy427cmgk4tw42xn4q2wy5njgn6b502z4d5o9i5pku6r.png,Great White Pelican
ef18rzb2l3gurbn6ldbzrprqphij0uemlvfs53yeyzc8bs0c.png,Canada Goose
ef5sdnbb8ex83rthkxgbvk81u4pzeeh2sr8rgp68q7t5bei.png,White-tailed Tropicbird
ef5sdnbb8ex83rthkxgbvk81u4pzeeh2sr8rgp68q7t5bei.png,White-tailed Tropicbird
efi3tojl1kp3ygo2vaxgozwj51ule8n4i6wx6vyyxxkaf2g7.png,Labrador Duck
eN0xqmNZug0AgFm5Rfovh1VcUj0G05EEi8MqwdC2vcpxeLoA.png,Grey-hooded Parakeet
enw5tdtiry9u68h7gztpxk2tg3eg5v7jqjrcp09pjmwwtgu.png,Barred Owl
ercw0a0crt6773jilloj2zzq6pbqm36p8w3oer1wujrhgg4m.png,Little Gull
esjcjo1t1wmhsq3z8rm9k4ofgos5jcjb29tr945silo29tf.png,Carrion Crow
eu6alh0q1ht086vpp0l7rfkemsm2pzcozt3tlwv9hel9cx40.png,Barrow's Goldeneye
ew2qazz3jd3btfe3xsfvlaodfgzpsf1qu0ngdzpqwwcbhfoh.png,Glossy Ibis
ex8qvxneqheid6m23nnmmyl7r4xvpdxq7urnytb5qdutqf0.png,Common Pheasant
ezaot32pa24x0gfjcipn2qq8v2ka0whqxb1xzl8nswyynkxm.png,Tufted Titmouse
f7sx02wfi0l2ev7pzsk1f4jzoik5o52nu40hv3wz20zx9ey3.png,Scaly-breasted Munia
f85uguksrksoyqne3p3nv2umwi3c3vwvfhpecqzxaptjrblp.png,Crested Tit
f8m8exint5rtvkdme7d8c6wqwewo1j5sol2n7nvz8eimja7s.png,Great Blue Heron
f9rftc4ovc5uxdb1co1g2f29m4c2zrifmzx94vdmxx6xhw.png,Bearded Barbet
fa0hr1gjln46df4j3ys5pyu9fztmlzg8aj53gar2wn7kkkah.png,Lammergeier
faf2cn2sxpx76qxgxdmssly9cbw5gkd2cvee9hq1kmp08c9g.png,Green-winged Macaw
FBScCUiDegobaijLEm1q8jsPqNP8Pe5DlFEE5xHEzeuBWPhG.png,Puerto Rican Woodpecker
FcB8mSx9vO11GF3RTRtJv4MCItAJxg0CFN4WjMbWzQF9H9pq.png,White-rumped Swallow
FcB8mSx9vO11GF3RTRtJv4MCItAJxg0CFN4WjMbWzQF9H9pq.png,White-rumped Swallow
fd6f4147701c4663bf9b252c0b070ea0ca914d788345c413.png,Goliath Heron
fevn979plgwo18exiq69lsf6fzopee1hc3oftkioxk4dznx6.png,Steller's Sea Eagle
ff4t0mjomn0yany7jyjufwqcuvegdk7pw4eebp6q95jn7js9.png,Southern Ground Hornbill
ffi9cy2ic3l2u9h10x6lx9jpcwsidgmry03s54153euuzu7j.png,Black Woodpecker
fhxbu8gbtku1yjqasm7w85yk6lu3h2awlrdpwp3b6r8socdy.png,Mountain Bluebird
FIVTfNcuPGnXyiI7fw42vCYkt53PF00BWmKneZ0hDAufojzP.png,Ruddy Turnstone
fjkmgnmjecwhgd159tt59sxnzd0tno9odsuaepdn6fxnm13l.png,Chestnut-fronted Macaw
fjojxgv6yefrw2t4d2h0lqa8wf34emmiv26gjn9v8li07vhv.png,White Stork
fjojxgv6yefrw2t4d2h0lqa8wf34emmiv26gjn9v8li07vhv.png,White Stork
fo7kkngedcks9p9ndqcvtazk9tf5r8smozlp71da24ajwynv.png,Western Meadowlark
FqejpFkcjoQpnnmIJUMbvULUr4tyVOQ9YfFMiJsAU6KjO6Bi.png,Southern Lapwing
fr95i7bj9wprpc4n9tdnjp0u2emzs3gdcnjnofjvfbamus2.png,Reddish Egret
fs2rs8e7RpQzKkJhpM8HtGPm382f209947pqe9UJlqeJmcRE.png,Grey Fantail
fscwc2ffibxbrqrad0mc1gtaa0vv0ps5y2yuvqx899y7tjwl.png,Adelie Penguin
fsmvsx38s5hvpgdyri8pfkiw76cx46ug1e72xj5xrhsjct6c.png,Yellow-eyed Junco
fss9vrf1aojke5ty4kzddh5dm0qkb7z7ra4q2ge07oroem3k.png,California Scrub-Jay
fSuygtr8UZTJCg2l3ffdDOm4VCte4iwD7rox9XrIE3iMMny2.png,King Penguin
Fts0KIQTGIM8F48thByqZSrt9Ce0xSqZ5Xr17dBrDBwyHQDC.png,Yellow-billed Stork
G00TI5gnyG66HxvpgjS8HDhP2Xz7xe4cA06UU0OnO6iY7Vw8.png,Red Crossbill
g07wqyttu8f0y32fmid9006zc0fxgqb9yqfy9rmzf7328znm.png,White Tern
g07wqyttu8f0y32fmid9006zc0fxgqb9yqfy9rmzf7328znm.png,White Tern
g082aktOeF409voagzEOlsNeHlCm3SuYYnDU71YWI7LLwq9B.png,Black-bellied Whistling-Duck
g2l6niz64pcwgtj4yldcgwj2udc0yasbi0yvbnz4f4fl5r10.png,Black-and-yellow Broadbill
g3sbqhupi8qob8h3bjbrvsxlwbt8as0can8iyt1nu9d9cgdo.png,Western Kingbird
g6505ift7c6jx2kz911ndepr9bnae70tvu90xsju1mpyy6zj.png,Leach's Storm Petrel
g8lvnsss1lj8253qs5ak45s8is3k5pe6r2gnoyg8hfygy76l.png,Evening Grosbeak
gAaVRcwtCCi7m8y8JtpWCwYFbxa3ZbizjHl6aKWzc8E9W3FG.png,Madagascar Pygmy Kingfisher
gbtccjnw7yv1czp4xf6axgrjil9825wbfxg53nwri48ohg6v.png,King Vulture
gct1f28hsky5h52c6hcyf8k6uhxzsz39hr4drerd9f9afr50.png,Pacific Wren
gfrnzgw13m4tltr6auzqsf9xz9eve583tv0n29082gjibzcy.png,Canada Jay
gHuB277JL47nQbuOVcaK03x1nrXEhJL91jcBEMn2sQhIKlOs.png,White-browed Tit-Warbler
gHuB277JL47nQbuOVcaK03x1nrXEhJL91jcBEMn2sQhIKlOs.png,White-browed Tit-Warbler
ghy1vtwg6f950g1k5qar4iebnwyy48m4urejl2os69zjdu4r.png,Little Bittern
giw7whmxlwsxhkz54jnrrkc74uq54vvanls2eyaqhynd0fm7.png,Ruby-throated Hummingbird
gkv71oc4cigk0r0tecboh0saqdguzm4qwr95ov3uquz8unds.png,Boat-tailed Grackle
gn59mu1sjumqqjbhzf6dmalvdz7p10hakkaw5bp7fd3iwacg.png,Augur Buzzard
go8rkizyn6f7kcesy2m9bmqtn4mqzn21fls2djl4xgx0imx.png,Japanese Waxwing
gojun2mww6df83at85nipz5jkh0u3lyyulmxh02uxr6inz1s.png,White-faced Ibis
gojun2mww6df83at85nipz5jkh0u3lyyulmxh02uxr6inz1s.png,White-faced Ibis
goqow9wcbcw06gg8lfvgpwk51wv79k1n94g9qh2tc9o0e9kx.png,Arctic Tern
gps4adrn2n0b097nzzcr0hb5reuumbx1w7otty4usdq847nz.png,Dickcissel
gQe243h1Ib8x1aR0u1c1oulU9S5xWDKk53kq18g25myPb4LP.png,Red Junglefowl
gRmsgmpY730bP7QfY9b9KV40wBh9RXYuPr1Oj0Nz41eSPb1z.png,Lesser Spotted Woodpecker
grr58oppowvlf0m76dy65aw4g6ui97iiffj2wofv00f5fpu.png,Broad-winged Hawk
gv1vvebc5t2gb2ilokfr9bixbvvs21sxmvjafvczp1ibixs.png,European Robin
gwx0jnrg57pix8gy0ce47q4sflqf7ogt9onz8nr777lvjxh6.png,Brown-headed Parrot
gyrjdcmmo8fhc9purjry0vflfbrdyscbyp1ke6s0krqtbnc3.png,Worm-eating Warbler
gzbvi0dqjttnsgu5wyoo0fkvtcf1rqzxzzatogepe1cjaxeg.png,Red-fan Parrot
h33ntgys2jjgy0ran6i06bl9xpr1bx6kfq4l88ucfcthimsn.png,Tanimbar Corella
h3sy4b4uho9ickwp7y7v7hhb3j4zchtaqie74z3l0oqr8l0l.png,Osprey
H5PQdXgIRdq7jH25ICiQf0ULWI3FSUB5x9pSjx8H7LE6Sk96.png,Mrs. Gould's Sunbird
h7ldi8yyslj2z8nbq1grvyly6lzia1t2nm6hip8n43dtwxh2.png,Trumpeter Hornbill
hadt86tv24xbidpqlutk23wsdqmcyoez56dv88i3sei3zxyl.png,California Quail
hg616s5toglzrtu9aasxq4tuczmfnstkbsh3t8rh4x346ipu.png,Scaly-headed Parrot
ho5bxyad01jek4mn44bcdkbv3nxpsn9xjdl9qzo2myzrp61r.png,Aplomado Falcon
HPwSHdVSKcatqCL1QzXZZAIvNI5uPptxTR1zEWplv3TBeMhC.png,Snow Bunting
hqtrdg5tvk8d24xwy466tr1i6sh4c18mcuvhlfmq7itfqbc5.png,Swan Goose
htxw6ws7aeg5n3hpu0svbnukik0g2785k32ly6131pk8ff7p.png,Scarlet Tanager
hufbkj57w8livsbq0cqfeee8ristdpb32e4wjn7oluebfc9b.png,Magnolia Warbler
hv6w7st4p0jkelkz8vioozdrqtk8k2ol26epjsnxihe43o4x.png,Fire-tufted Barbet
HVK9icEdxFLxMprjHiYAzyBVMNUBX3wQab91DQAkmvzPmuZo.png,Canvasback
hWi8f1Mudn0Fm4Nh6V8zgXQNd0rxz9jYazpVKQ9077dLyTWF.png,Velvet-fronted Nuthatch
hy5e1ia4edbzujexikda6m1pjf254r2xs78mck2vl0djnnf.png,Snowy Egret
hz8ym6fqdui7iolcu69plgjo5h9si3fvqvd0rr5t4bv29oip.png,Heermann's Gull
hzkcbp78m2bhk4zpi8rbe09ekpo6wppwy64lzgepuyfq2w82.png,Swainson's Thrush
hzuxt4zpbu47mtdorkjet03nghaupdvcr977vpethmyn4chr.png,Parakeet Auklet
i01xi1ef0hvb8gbc21ff7mw9xl5t2lrth23qorrg712b969b.png,Cuban Tody
i07ocJBln0qi2W4xlNPayMpclDNFOslFR0hLDsA0yONrIVlF.png,Long-tailed Duck
i2cwvss6v8o7iuxytkce36k11gz0s6kkn2xhyrp2hhc974zu.png,Black Kite
i3246a0a9oh2ppjybdduchy3e86no4qpwkivagcst5lnwgg5.png,White-fronted Parrot
i3246a0a9oh2ppjybdduchy3e86no4qpwkivagcst5lnwgg5.png,White-fronted Parrot
i3eyp64yfj3oxbvofu38ja1l0xuoclpton7jpedgd9xl0ufy.png,Namaqua Dove
i5qb8b7x5568a056qor0q6b5dslm7vkkm6tdyreri54txsah.png,Red-knobbed Coot
i642u4p66cun456yfjbheybb6ue9158z7ql15iy5wvt49qla.png,Grey Heron
i79b9wosbdag8p9o2sjzijx8aq2xjhnwm0q48eo8gmm8byta.png,Southern Cassowary
i9fm5brom8xfgham0ltcz47zibx0nq1ws6qef6f0bb88ttef.png,Common Rosefinch
iano0dpivjq3d64s79vhkfes1t3kcw5zfpo5bik7uo4ulhqi.png,European Roller
iaqijnrvk75t8saa0qdx90ubdcyus8x636rjfvs4pgvbya.png,Black Oystercatcher
ibzbpp80qqbedbgwhqzi2hdqa9zy0auw4xzy9smnhqdqy897.png,Eurasian Eagle-Owl
ic3n7w0cplls41ctspyeplds9rz34yqch4exambt553hx7.png,Whinchat
ic3n7w0cplls41ctspyeplds9rz34yqch4exambt553hx7.png,Whinchat
icpbqg7m5u9rlem40qdkb8l3xrh1wwwtopdlntjii5gt8cgc.png,White-breasted Nuthatch
icpbqg7m5u9rlem40qdkb8l3xrh1wwwtopdlntjii5gt8cgc.png,White-breasted Nuthatch
id3w3p6lsfasj9uzh71f2ot3l1r9nxqycuvj8ohrywat96he.png,Caspian Gull
id42z6ntjeklmdj1wd5rttlpz8x90eakm39wduuaqltdcnm.png,Yellow-headed Blackbird
iewo950kt6kwwvkek7l1pxr5ncjjdzx3nljxw6mtu7pqk6ei.png,Dark-eyed Junco
iflh39cqiiknm8l4ynb8behf7t23irihl4vzq442nq46qvf0.png,White-headed Duck
iflh39cqiiknm8l4ynb8behf7t23irihl4vzq442nq46qvf0.png,White-headed Duck
ifntzzs6l24y5g2s5gd1psoewejckf9bm7hpbr6y6g19xd06.png,Green Heron
igmkpxa6kq6u2lunwpqb1ya19qaju58i51skpslir4uyrpcn.png,Caspian Tern
igze8vvf94gkh4gaist92v7glvgs9rhr9yuhg08rvzqno6qi.png,Chilean Flamingo
ik2azd5vmvjs0uac1yn89o6y1ltz3v1jtou0vfmugggvcrx2.png,Lesser Flamingo
iofnc87kz3ni9ms1645q7kmmwsjn9dllb8bljbsbpl1i75wk.png,Great Green Macaw
ionkiqrvxl0x2r4cpqkmmy2p1br0w5aixvqxx9zv67lljy3m.png,Horned Puffin
ipvy27iv7o5eqopzu92qkq24ocpk5x4aj2sacgyb4fff2bjs.png,Eurasian Coot
ipzjb89firbewvw6qbmytad2gjn7kcyh7kfw2w3eezjsc7ro.png,Glaucous Gull
iqdc8vio5y5zdlpdd9bnhgqz5oyr87zxv6ve0shzfyovy5zn.png,Sandhill Crane
ircs6j25lp8prfe2r2uhktcomp4y0fhmho1ss82w8axpzc3i.png,Golden-crowned Sparrow
irq7sb5zq5kfa4z71pyv4lmnzxb7i9idiv1fag5rax8ju266.png,Newell's Shearwater
iutg8g6mhosi83y3ky4k9vwh70ea2fbut6rw1ojgu9q0w0ok.png,Fish Crow
ix3jqt2ki0plw4u0qghui50svmmsla7de1uiqvctix9qem3m.png,Double-barred Finch
iz0h4szhqihhb7f4ny6z0dk2578osvb5gfz0w9n2pyy5qzp0.png,Eurasian Golden Oriole
iz4vnmip1si0yxer4tq3i7zcep5y11e62vg6p6pg5u9s809d.png,Golden-crowned Kinglet
J2v83zJ5jdPf9K3p7Vtmrgk6VPQvkR1je36CQJhXY0g9gh3m.png,Purple Finch
j38mrp0e4l8pyaoq3z1kbiadb6hmcbv2qd94vvqi87b2w9e8.png,Whooper Swan
j38mrp0e4l8pyaoq3z1kbiadb6hmcbv2qd94vvqi87b2w9e8.png,Whooper Swan
j8wd42l8476htymrn3k5hfut6o5jmfqw43bw2fw0sujy9yaw.png,Dusky Lory
ja8am1ib1nvw7ncj28mwqrsu2tganfg8x35wq14ou752e1hg.png,Royal Tern
jc15lmh1l52i81s6to8n5qr0tntnh1c7kj8heu2lckc1xc.png,Great Egret
jdaaiwzzxnr61x9vycdeuauqty9evm95qn3inhksnvhcblc0.png,Long-tailed Tit
jH60aP644kDc87nbFSAee4YR10uE3SJ9q7kCoYey4WbKAAgI.png,Elegant Trogon
jilyjq7wmq1nilp1hek3b3xuf9pavm7pjc6y1xix6mgauqxd.png,Black-collared Lovebird
jmG2kc0hGcfok9Y5uo0hC71kYMH19kg3qxujNVtfy8E0yOTH.png,Australian Brushturkey
jn5w7taqarkqg0k33xq4qbnpxke20668oh3iozxfr1gmu2h1.png,California Condor
jnVXjph7jKlbrsldiQG2P0NlbKHniMKZUYcVAwg7FWpLMouZ.png,African Chaffinch
jo1beksqh3q69re5mirobqi4nisj4sbtflast3lz1lup04i7.png,Lesser Vasa-Parrot
jowk1mxwtkxya905qaahuhqho05w2wntwd1hsuplt4mkw5v1.png,King Bird-of-paradise
joxs8e2sxyfh0to3com5hoege6cpertkrpoqs45wj2uk6vph.png,Green Aracari
jp4r1get21awo2qbeqq8o423ujpp831leiqee0tl23s4r3r.png,Loggerhead Kingbird
jpve5qjgn3xnwd6uc2ogmc6gmw9xwaof1hssudolcig7q67f.png,Black-necked Crane
jsz2a46npm2dc9smyobwxg8hqv5ly3boblu35wy0jzgbl6ei.png,American Wigeon
jvga20psitkd7kgo5gq0ksfhqnxlpsb8i6a0og2qalt6otva.png,Bald Eagle
jw6urfkszi6usw3m88l8ft3iu1nxti3cqt433m4ub3zso8wk.png,Sarus Crane
jysv1ztp6twf8ml1f5twmhvdcj7tenn8mgy1iadm9tltav1l.png,Graylag Goose
jzunij408dkd14fv9k0ay8sgzfvk0my8vdrs9e3oahki0h.png,Harlequin Duck
k853vng46orzk15lfgsjyv5vdmiedgpca0a1au5urfif9vk.png,Semipalmated Plover
k8vpxrGGJcBqpT57U1JOIqwTvUmWRiuFE8AWmOiD0fDqA8Ej.png,Iranian Ground-Jay
kbnwv4mvwr52omnr7c7rqrgbfwt04sbxm4kf2q1lct5ydaq6.png,Plum-headed Parakeet
kbyp0bew60f83med010o4lkr7zi4e3yutyrijp69laba7tue.png,Yellow-billed Magpie
kd4rgnm8lj8ne2erp8q2pblikcji4zhpn0kh5xd9gja274fh.png,Northern Mockingbird
kdar7k8zj6nmgue6u3fk8jwjhh0umupg057mawjpbb97y8ab.png,Red-crowned Crane
keem83vnqe9dgag6ya7pr64oxqecak4z1zbilwty21n9mjb5.png,European Goldfinch
kf12kzizjpluwexi1sfdr7jv9s20cwfqbho38yfie8r6mrs9.png,Andean Flamingo
kf1YOrCLe635gTA47V6e880z5Dg0keJBiwfJ7SXXuJ5io984.png,Red-billed Blue-Magpie
kf5xfqpr6hciaj3ucgoyoury90grbzcwjuin5bjk5agw8hwg.png,Cyprus Warbler
kfssm0w597jn414kbuoy6gp3ho8rppa0pvjcdi732m1y47s0.png,American Crow
kgj3gn7utgqd4wmtwss5awogbpuzj17z5jkkl8e4us9a7ita.png,Gouldian Finch
kgrqrq6y1l7ql63t3h431kkrkgublbju0go3yilmrp67r57l.png,Sage Grouse
khhatxoo9yy3wstk2razn2amb581d3r8kdz71kpm5tma951o.png,Bee Hummingbird
khv7x2rxhrbg1ie1u348qytfimzbaz4ubob4k3pu9l303mn.png,Northern Rosella
kmo6bqbmns4415geq7bfmel5x6ufmfi76mfllfmhh2iq0maw.png,Egyptian Vulture
kn2nquhmjcank2sr3ik1meu0a8xmd84fk3us3brhden2vzhb.png,Baltimore Oriole
knebjqy2je9h7kn1lqodjby72zn6ysjqxff58ql2lhzp8kpe.png,Swainson's Hawk
kogma7dwrmthisap0jk17uyig7qe2i7zj6koavh9zrlfarkx.png,Northern Wheatear
krSMBMC0wlKF6Ozf1MUZ9sZbLv4255yuCwkWq0oYo3Y874YA.png,Dollarbird
kryJD1Qjpy7nAYTFJeIf4zfojk7BUqICuElcWYYvc8vo9kQh.png,Violet-green Swallow
krze1rtb6gje0i181jt1mizmgweas0xf65dwt3gh3gel6t3.png,Ridgway's Hawk
kukf3ihogrbzwyzad0h0xnl4ubufc6g7n4js36eoei2vavi3.png,Great Horned Owl
kv6z3vmtuw52edvlmp2ssvmjrwwbcxssb0balbu39eed7pyo.png,Blue-and-yellow Macaw
kw8vyxtcklflhabrezrcl1uhpd6gkbntebpdrq9zqvr4q0qh.png,Yellow Chat
kytWzqSQoBxEUj0m6zXL7X3098ht99jmpbD9b3uuskpWMb2J.png,Calliope Hummingbird
kzacl5sw41xosaqvret5rpj4bei5i77wx6ornqsg3tlfe6y3.png,Great-tailed Grackle
l1rw5dgatwfncxgi7m7mjqq4n2yzf2souyna5ksj11gzeloe.png,Red-bellied Parrot
l2ABED6h8Xm9gSApCV2py7Oi2M56G1Py3jtyMhbsGfZTT021.png,Bar-headed Goose
l4k5xPxPPTNC1x7n6hoszRpGqh6vyoYtoufZ2RCKXqVaxxuQ.png,Siberian Sand-Plover
l4zlhbo03m06eudamewwegmfo1pwbijw18p932cf3wv4z25u.png,Mountain Chickadee
l86kjh6fycny1pbpiah9gaaucm8fc343fc1rdl2gs9creo6u.png,Common Yellowthroat
l8k9np10aja1ufa05joych8au1e97ce1rqqg8onkcmzykkbh.png,Sooty Tern
lDPCshxFsUw7DU2SNGh989ktP7OarCIJIsleQ22v9IskqELg.png,African Firefinch
ldtfn14sjxx8abllxn60rxvoufihsufwq6bxjdptn2y32p00.png,Long-wattled Umbrellabird
lg6pgl5u64ef1ep4f219s9cii9z0qle93d266jqi1woqbjdv.png,Red-crested Cardinal
lgin69e67sismgsrchpeuki369gsbpmec9jn33h5hazsk9v.png,Razorbill
lhh7gwmhl89sqoe7i79lsfy7ghnt3c5zg9ry2y16q534xroj.png,Hawfinch
ljkb1fbesie832cedpav6s7yjncrm75yo3twszc11ovlghcv.png,Northern Shrike
lkzaqa8mu7gaczjzvrkqjsknxo6xz2yza18df3cakesg4ixe.png,Blue-winged Warbler
llpomrzw380a4m4nwz0rc00x2reiavblujcesgxd4o406gka.png,Sulphur-crested Cockatoo
lo2lqff69qz43n26r253sn6vmfr8379g77pmmzgvpjhy52qe.png,Northern Cardinal
lpcb4w78gkglemyvw6wqvodcqhe4bdldvpaz9q6m1q14e4xm.png,Brant Goose
lt26f9wr3v2c13dmj96z4gd1xd1lukdv12cdsbnndstor.png,Black-fronted Piping Guan
lu7pcpq8pjmk9l68a8dhhwwl2ujik3bxc1vwnrxp54vk2x6g.png,Black-and-white Warbler
lv380khtlh30pr6ucvfcbfyqqbemrf9pdtojszo1ju55udl3.png,Red-headed Lovebird
lycdk8735oh9h2errahbzgwz8civftir9yxwq0ainifggz6x.png,Swee Waxbill
m1zrnm4buoc2eumibqazlpzqcrrseku7ars03lu7f89f19ye.png,Oriental Pied Hornbill
m2ejs4nm2wg5kj53f7bceha69cclo7hv9d31cpj8ou39wy64.png,Little Penguin
m2xeh7im64gpyh3m0o3oyyeda9qp4mgt6y4h1t3u9w7o8l7a.png,White-winged Tern
m2xeh7im64gpyh3m0o3oyyeda9qp4mgt6y4h1t3u9w7o8l7a.png,White-winged Tern
m56yax1ecl0ae8ht736sqc02ii02v2onw8qe75uwmhgsyjv.png,Snowy Owl
m57xiwd22cdtusvth5o270xh6n9psjbvkb9sx78by23tj5dp.png,Anna's Hummingbird
m6brpplndtege5pr32jxjslu2mjgih4v1shtoojrxtggsjrv.png,Collared Redstart
m6ixcvhfpuywg8bex29o2dncv1uhv1rgao66tn37uqmzui.png,Northern Pintail
m6qo2mo5tsd00o9rqhn0v5d5zsjxp2o1e2ko99al4u6wlu7u.png,American Avocet
m7nor777hqmbmbl96qdpx6mudcgf09p4bkmosvyb75199mtk.png,Dusky-headed Parakeet
mb66n76x4o5u778tjhbxo1vs42rpm5jk72ij2jxk4o0mvbln.png,Red-breasted Nuthatch
mbtmlbusa45xb10djyutksvyd96w8379ox21l2dmv5af4kt8.png,Black Swan
mclq0nfgowccln20mumnzvrbcxzkh33ddpf933fztnljbxyy.png,Barn Swallow
MdRy2tnfNsXRow3kT4gWACAqb7qL7mzYkgcIppGXt3bz5mM5.png,Bushtit
mf28l79bndq3mx4gbpy39ms22mbfn4asgzroipmb8h708ken.png,Red-cheeked Cordonbleu
MhlR5rjdMB0s1M5tWCqg0WM0DOBFiMZM0rAvaiUzOu0JsCF0.png,Banded Stilt
mho0lq8cd5cc4i9c2m26mh4zjqwy9ta8ragykbk5uvyb67l.png,Northern Bobwhite
mn4tetz149qk7ncce89nxumspt5key5jiuu97imekdkgsaeu.png,Eurasian Bullfinch
mn6wsxhz5g1u1f9ezsamxuxojslabb2jenidtsmor3iibby5.png,Lilian's Lovebird
mrk1g79jrj1yl2y0pkfff6uhrss7wsxtymbmce6kjhw2vdtz.png,Black-cheeked Lovebird
mrrfjd1h5pa66eijblprei8ypgelldoexxiuyo3pbcjnnsco.png,Red Knot
ms3i6hkpo6sjdhhsw7dp957my2qmdkeimv5wre0yiix30oip.png,Pied Kingfisher
mt4wvaojf2pe2lg87xigeo7oemwfut8cnot1otwcxxlzq.png,Common Kingfisher
Mwcc188wczyRj10w1SOmqk9D90M460YcXA7O33D8f7lTyOJr.png,Javan Hawk-Eagle
myvna6i85nbtyf3v7jflivwgfv6xu9n4ctbt7ea43az8cgz5.png,American Oystercatcher
n0BVjCNvf8da291mBjk903lzeaD3G1g1dyaQ4v9x40U2qiRw.png,Abdim's Stork
n0j90gszysu3vmad5kmpjvw21rsfeia2bfa7inhby0wkjrl4.png,Wild Turkey
n0j90gszysu3vmad5kmpjvw21rsfeia2bfa7inhby0wkjrl4.png,Wild Turkey
n1og7y9arjjrwygv7pqn4sayizms456ivg08aof2l2rm8y74.png,White-cheeked Turaco
n1og7y9arjjrwygv7pqn4sayizms456ivg08aof2l2rm8y74.png,White-cheeked Turaco
n2aarqe2th3f0wfbk93tdrjij1uwr1pj18ny76p8wrwfwwj3.png,Atlantic Canary
n4uucyol3v6fsf60wd84fxrwsy48wa4ebkytzypol4c9el75.png,Harpy Eagle
n5jgupmn5nl5r8vqf0t4ogsq232l5vglj5y4a4h88lxydb9.png,Superb Parrot
n5pT63I17s4jM020kWmgaASjF5iIlwlMzxeY20963HnUS9L6.png,Blue-winged Macaw
n821qU6MbmoaBsDu8CPysdAJXeMItcXrabEAZgJCagFHKbuX.png,Capped Heron
n8dksid41jxk7fj9zvjhfukghrknyp388lk1kuavhla6a2v4.png,White-crowned Pigeon
n8dksid41jxk7fj9zvjhfukghrknyp388lk1kuavhla6a2v4.png,White-crowned Pigeon
n94tc77qoodq8tgm76mwbyrj1s94ge3bdrzuhvd2p5qi5qfd.png,Common Goldeneye
nc9r5v8e25jkyxp1ln4pvdvmff5amp6898350lanuxerev23.png,Burrowing Parakeet
ncmaslyyqgq78n4or4ie5dso6cnp4ec81kub9etu1bcbs34m.png,Steller's Jay
neTI0TwrF7fGpqyOecmHltL6HaWVUs3lMtpKoTVgeHMg4Avz.png,Juniper Titmouse
NHkO6Zy1KV2QgzdEd1lg46Ekt6E0tQQ81Vs7Zz1djPHzia98.png,Galapagos Penguin
nkwl35evw28caqpzglkowpo4jxgzcnaa70n1sm0j8odt0015.png,Northern Flicker
NMgIBW2AE5Xpp7rs1x79tih5HJsE2mQ16eK3D46E0FavUhbc.png,Verreaux’s Eagle
nn65nte85ow924dxxdvbao00yqulf76tdvngt2lrt382qlaf.png,Golden Eagle
nsgq6sxqs4poxlndhdbyzs8ybope35slhr6zi49e1lksaugi.png,Eurasian Tree Sparrow
nu7i4a77wolkvwy7usn5whgvd08afgev2b0ee8nii1vzt7im.png,Black-winged Lovebird
ny49agpbfir807ol4ou81k3he4yebnajfuvyyvjp48l9fy6.png,Magnificent Frigatebird
o2UL7mtG3c6yL83HY2wCogT4Kyc3Yk72i01T94a2GfLtF2uq.png,King Eider
o43c0daidcody9nlsnhtn6h9thcb15ywyevg81kkx57yv6lk.png,Wood Duck
o4qckmntxs2m2hgx9xnzoax2hg7evpcv340fiz6rh2q5w7md.png,White-naped Crane
o4qckmntxs2m2hgx9xnzoax2hg7evpcv340fiz6rh2q5w7md.png,White-naped Crane
o64nqe57w5113878f26swla715qglzsjr1z3kf7u0qwodp.png,Little Tern
o6cialgnjcemj49sife5i3e4ktc9wl495qugfmj1y7kimps3.png,Military Macaw
o85qz2zea29siomxue75k16tj5suvgde6xj0yqngzr6x4vus.png,Little Ringed Plover
o90od77eu71u333t6mbmcgl5rrygrz02b2oa0aifxvfkxu5p.png,Pyrrhuloxia
o9BjEjpW1x41uST1zBtlGLmZkAwyFgexhn20iAa9vIAjvajO.png,Pacific Gull
oa7rhaucu9lomx29s8xrgsosgwhrapj4iymzlt4t1p7pey21.png,Western Gull
oajznixqwi6ygct9hn1sb5p6069fjw56mxt7arz3i0d1tw41.png,Cooper's Hawk
obsyqsxal13qvvtfe4wtjc1xdjst50cqq5fd7epaa3z6pdkk.png,Collared Flycatcher
oc8zsgfjgjvfj32kzxlas90a7ar96vqqvppnvxxv3kaek6l8.png,Ovenbird
of4fw5dwt9havi4i95scukkdyzz2enlfnk4pf6c9dvprleh4.png,Burrowing Owl
ofd7gsp2ixof3xp27gejd9rhwmvg8oe74n6i81anr565jv1j.png,White-crowned Sparrow
ofd7gsp2ixof3xp27gejd9rhwmvg8oe74n6i81anr565jv1j.png,White-crowned Sparrow
oghs7x2zuz3gj90plmpjbdky8yhn5jxat8mjv323q2oaqzii.png,Sardinian Warbler
oguqnhtrlfsn92raq3ocu6zbzyorkgqjmab74bmyyvl3iq3w.png,Painted Stork
oh08xwbrkxsdyydzrhl9zd7vd360m426hztkurdkgmn0w39u.png,White-throated Kingfisher
oh08xwbrkxsdyydzrhl9zd7vd360m426hztkurdkgmn0w39u.png,White-throated Kingfisher
oiu0i0pbrdrxiwg9br6jaxhf3bl0h1kz91htju21nuc4h8io.png,Mute Swan
ojz4qdBXpLNFXAG9qHra7udbMxprOb2M3Qq26lgRywb9NTaj.png,Pied Stilt
okczsldznfj1rr7mlzx3rviz8zrxr35nzuvjsrq20oyva9x1.png,Chestnut-sided Warbler
oklfoh6jg5rb64sb6x3ujiuzzcd0d04x5mxj9tpz3fhxajpt.png,Patagonian Sierra-Finch
omvsm0d8svwvk3gj7c2sz1ypfurnn08dpvd31somwu1nlbj7.png,Black-billed Magpie
OSSioLmvvbEaIyf43raTMcb5zaWee1E4Ui3MGdHq1sVAuwCE.png,Black Stilt
ovf0cxgilp7fp6hkvo1e6kxp1z8ztz1zvb1p2ff3xsgi0812.png,Great Auk
oylqdpxfwijs9y9f2a8efd2k0nsh3qszqhgfrowl1ueysunp.png,Bar-tailed Godwit
oyza2j7wvqpezfdcjiqdw0ja0f084de3hod138ck9usn7dd9.png,Indian Peafowl
p0grcypkze1ovffl1ikz4bbjd1cf4ngaq33npxs4rfsxncf0.png,Himalayan Vulture
p7Bp4U3dvC8K2P0fTL5STuk4LV01ZUc61q0OFD1cBeY2OAlU.png,Eastern Kingbird
p7bwh4q12ohbwkhyv9wo5t5rzp3sicjstntcc504grx7rllp.png,Carolina Wren
paf8xltf6v8usf19wmsoznihkcyvl3z169pwrhtrtuyv2snq.png,Elf Owl
pb3ite30gipejy66ebsmcr0gjbt93rt7mixjsywa2ny38o6v.png,European Turtle Dove
pbga80m7r9m38t5ke3qdo5tw9kuklk7hgtk2ab0qki84ih03.png,Pine Grosbeak
pgxmpxnbe36mwkv6mqwp7xzonbyh9ly2rbdlq04xebxqo86w.png,Ruddy Duck
phe9lsp4kwd12fvinowq404ob18yybgedr4u79wkaq8pshju.png,Cape Parrot
phqhbydeynlh2tk2dlqd6m5tybstk45gc2oc107wp4ug8msx.png,Kea
pJ2MR3UFd21IsO1yiPVYBskIhJglvt73j66Wg20x9dbuNjZz.png,Bananaquit
PkT4OSeziI4wNvE01O7ez0Sm2kVIx5NeT0CUbwm330Yr6P6A.png,Snow Goose
pkvgcb7nwxuo5z9s8d96en0bp45cl0pe0y0s5u84rfl8zf4r.png,Blue Grosbeak
pn32zgbtwchf6vngzpnt0jibbv9gjdgwazts9i37ytoyk55.png,Long-crested Eagle
pq1dm1l7n8lstwmrrjvwmu2145ba256l3xrbm6pyvl98an7a.png,Iberian Magpie
prd7nurficnauyutzl9i6eida9jd9z6tzqgwbyl37ij62kyf.png,Great Spotted Woodpecker
prfaeql6e7q53huqh4tp17ei8hah8gr7v0b92fj22uj39q1.png,American Robin
prWZPLXiCMwznjdHkeR7fYMDMcqBAjzhSuHwAJisk4jUbku7.png,Gray-headed Chickadee
ptp25b7pyu8m4dwi9np6yyo18oekfm7bh98og4aueqk0zoo6.png,Eurasian Blue Tit
ptv5b4lhqrkg166k6ggabxpzu5j34b3wuovefiedb5uuj2li.png,Black-chinned Hummingbird
pumonvmbjvr8f6dt19r2dz6sqpo5r837rohwo5hnhqh2zfpt.png,Common Raven
pumwbp01vzghyi624mhsei4wolzmclq3qeomboc0vv880bsy.png,House Sparrow
pwPDCwsUz3APulSd42i51yO7dnpPtT21iYyBmetsyS9PXIXj.png,Bat Falcon
pzzpex4vg6guzr4gbuwnaj4njqetibf28emxkousu9x5kc1n.png,Bobolink
q2h3s2zyeot00plnr4ejegf15u1s3c1dlu8zu3fsljl1dpq4.png,Yellow-collared Lovebird
q2OaVcK87439TcivrGQkwDL43878n74WotOAwulF0nX0rM0A.png,Rufous Hornbill
q3b1hjfiavfqvg8ptt3zk19m3t99nnnpu8kp2lh7lou9m3c.png,Common Crane
q6sxhxuhks6d5s0xpzx76dxmjohls7kv54ccdy36pzpbfig2.png,Wood Stork
Q8cmBjmDAVfwlvF239tWYiFmJ5tD79AAnm8CTPPRSY1D28nj.png,Puerto Rican Tody
q8oq7sw8o1mwpsmsoj7lgva52mpbe5y6uqyak0270x96pvdb.png,Inca Tern
qatuenOmfJO8jod4eEHVqo7wPmZfATDXjKAglPLWMzXNJBOo.png,Black-faced Tanager
QemTAJ4eS9wTSZ0HXg7fTSOwZ9hBrQzNmHfWImUVM1ZA6sY8.png,Cliff Swallow
qf3btrbhidjtskkcvd98tql321bh63qmnv2bf6slqft8msu.png,Iceland Gull
qF7oNucPb4btFCof959G33hQghp2kt82Lqpo9Vhk0qYu2RKh.png,Crested Partridge
qfp2w0ng2g8rnca4kwc390nm6sodyvwbftdw9x6wpaodclzp.png,Rufous-necked Wood-Rail
qintujrg0i3awbnujhlezf4fbadwi8gu9ds94w7x7dzd7k2.png,Philippine Eagle
qj68knabfv39mtxxqigofg7ay1y2bacmyc1f1qxv8rf9v0v0.png,Chinstrap Penguin
qkdx0b8bi04lag34hkc5b0bv1x9c1dwappw5vyyw4jq2a2lv.png,Kentish Plover
qkisgezicudgzuaeu0qa0xxaomnii9okxgec5bhnxz8vtyma.png,Sacred Ibis
qn7xssqjal0bgrhts2h1chldfgodlixigyynf520ein3dk8.png,Golden-capped Parakeet
qobe2abznqi1awcts6vzyi4b0em2m7av5p99k22hpi1fzjvn.png,Orange-winged Parrot
qq7e6epdid3p2kt46t2oqtfv6r659ooghsx4zthda32yvpcq.png,Greater Bird-of-paradise
qq9vby3enjmgpur0q47tsm5xsmzlmjnblgr2o6zx3lq0m2z4.png,Helmeted Curassow
qv6ewhz5o072ufty56vpf3fvngc6g5d4b05xvf3jyx7s0x79.png,Say's Phoebe
qvjvcpja7z9q0lcnwuyamrm5dyoyz11n804vj74vmv35k9.png,Vinaceous Parrot
QWyiGiuJaZsHjqzbUuM1Qm5vgs3ZP774CVwtAnYX6mh1B5q9.png,Bank Swallow
qx20gy7p4rsdkwz1ny0bohxs1wn3ud32v39e4z03bnc2nk52.png,Snowy Plover
qzawdprrgeadxym0q7864sbe5btd1rfk0vv6wxshalxf338.png,Black-necked Stilt
r0dhfevezukwuv7n09v8rbp4n4ubuhujb4740im3vez4b.png,Bateleur
r51c1cRDg3cRg29Y1uPq5GAiIck6qW480rZ6Hk97ItlC9780.png,Guam Kingfisher
r645n3u1rr5ertddbekz4lnnkaqa8rwu2ichpiz8hdgpxkaq.png,Yellow Warbler
r735910ts4is0jt6ukkjfefuo84pfv9x2v30oo40b767llhq.png,Yellow-crested Cockatoo
r7oRlVQjZwSo8SKKOuy5Bcg0y5QL3Eg16qdrPACa8qMkl80h.png,Red-billed Streamertail
r8zcjq7uqxmnyssyia4oy8x5izycs3r1tsoyzt7fdrn3e5a9.png,Acorn Woodpecker
r9b0onn5slos2bfflb5j2ipr3lf27xqm72h039d6fe33b2.png,Canada Warbler
ra8slyg0g3tgyzh3himamx3durunlt83wbl35fyvx16n3yv.png,European Greenfinch
rdEvUEqlVStUzdSLtEXU9M3WS0j6oA10oyJt2qMg0Ygc4Nse.png,White-eared Bulbul
rdEvUEqlVStUzdSLtEXU9M3WS0j6oA10oyJt2qMg0Ygc4Nse.png,White-eared Bulbul
rDJVUzqwsQDOcw2J1LtBcyMqkn5bnpw6N0nVoChvM4aauRkx.png,Yellow-shouldered Blackbird
redx0rzzooftac3ik2wi99f5e5agkww7zzcinqjkmy56vara.png,Australian Ringneck
reux0yripar50zpn3genlmmgqaiozhgddfon7qil06nd07gv.png,Greater Scaup
rfua907uy4u4geqg0b16fpav4w8lyyr01zayskapeprzyt7w.png,Plush-crested Jay
rk1asz01r4aabtjik5ok6pej3zrpded8g35lrkrmes7tbv50.png,Embden Goose
RK4mte25u1424Vsf5nBFZKJG7E4ao0V74iL8Xbtc6glfNZ60.png,Ring-necked Dove
rlapttanpf8qed60wuhrntijbaug5feui63vko2lp38r706g.png,Gray-headed Lovebird
rolk2o4r6not5jr8q56sqestv7r3evj8sjk5frckpgyk6hyc.png,Malleefowl
rp01u666jaqjnxes5tlpqnj8fjv5t3vtq01gdmn73qusmna.png,Guam Rail
Rqwk5Y5KDS1wEjlXPuRhltqIlNtuXYy3emq7Iba7Wth1qBCj.png,Red-necked Avocet
rrdb7gljlxoi4v42njp7b16k06o348k1r3i8hujh3wo00sq5.png,European Bee-eater
rsygvgsz8a5qfc62wd77fk27b0k2fmursohq11r5aswvnzcb.png,Northern Saw-whet Owl
rxt1cz5an8yi9b9qywij189iqasvb63xnqh0pmmt1gyw2zun.png,Common Loon
rylc07zddxlmq87jsoe6zdy4nmuk125mqpqttyj5xufcnpv.png,Sandwich Tern
rylypiukqf1ti3a5kcc0qpobpiwnr0tyxwgjb7vc6ebsm626.png,Wood Thrush
s0058niliqifmocvhf2o5lncyi5f1rhpdhrno7lsirmu9ew8.png,Peregrine Falcon
s069k0wz38ipl9x742nq3zy4kheqcphx0yhna876bgcxsid2.png,Song Sparrow
s3kghu2du4cta4gg18k52z1992p6ncq7otbnc1e61v1ojg32.png,Knob-billed Duck
s5m1dch4d2392iibitylroq0zzmqj58dnulnr0e6tfgov7sd.png,American Black Vulture
s80quq2saw8bt3ttvs9vx33fp33xp4jgr0pzq81gzn9l7u9o.png,American White Pelican
SdGQXd7XQt9QkPnN7c5otECc7dZdyrEhQ5iNpPbqh5Gofg6N.png,White-backed Stilt
SdGQXd7XQt9QkPnN7c5otECc7dZdyrEhQ5iNpPbqh5Gofg6N.png,White-backed Stilt
sdm30ke7eyreb07ghcl5gang9hlfxbk6dhq8eb1vskdqc2qx.png,Blue-capped Cordonbleu
sf26cdgl2dse52984dj1cbem77tm5z35dy00rj9xlunoo26s.png,Meyer's Parrot
SGPn5Ba4IT6jAY73UWO2o8QaZ1m93AKsNY92fVmZBPK5qxHz.png,Little Blue Heron
sh9rfo0lk51xvpvu8cenk3mnk90nwu2vpjw7g6achjywcmk1.png,Flesh-footed Shearwater
si5w4k9zd4vhnkxwncad9pirgnncg0pvhc8sqs06mezomf59.png,Rufous Hummingbird
sloxwf3137164j4i5renj87e5l72pm7g3ggavlhoc3nllhrd.png,Saker Falcon
smht7bm1yxynkbnljz7sj59phv8c5j059yop1mnakhw2.png,Whiskered Tern
smht7bm1yxynkbnljz7sj59phv8c5j059yop1mnakhw2.png,Whiskered Tern
smllid3dln5y5x4uz2u2pan08qggcevx748flhnzjefoiwmk.png,American Goldfinch
snq6atqrzxn60n35j1r1gejl8pkv8f4tkfefers7qjk0zqgw.png,Hooded Vulture
sp427dnyrehweux9m9vk4h2w60aa1zuzln2nivy60sqgjdnt.png,Great Black-backed Gull
speo5qmwfycy6i9xk1e23sr6yfam5y0oobm8g6izzfrgcn3u.png,African Fish-Eagle
sqaj9c2y0ilhiikdw34i98j36219qoh4afon64pk40dhzs6i.png,Indigo Bunting
sqgsgmei6nj9gl0rjyzlic6dfpn6vug0ownndo1qquxasavn.png,White-winged Guan
sqgsgmei6nj9gl0rjyzlic6dfpn6vug0ownndo1qquxasavn.png,White-winged Guan
sr2zcdplqqgsfhwk8siulupim4a7poee8ayfwd7e1ktjkx7m.png,Red-legged Kittiwake
SX6aBOxQs0g7a9fXxeC528Rtt1ATPa06TxGX1hO9oavV191t.png,Bridled Tern
szsoxgzhftynei1g8swuuuoj22yeplu41j18fx1f2afe405d.png,Australasian Swamphen
t05rwaw240j0sa6nwwlaapts3vx7g51f4g0mp4qyureagsyq.png,Brolga
tge668b6x0w4lah9fkipjz50z8grhfmhage4wg07n67fdrpj.png,Yellow-eyed Penguin
thtyr91j8nibiwh245qoix08amrorg0sdymh60eal0s4eczv.png,Brown-headed Nuthatch
tIQnUnDOpuiG2f620rPhvlPdS0ylw7Z7ojLWZ60aI399tBJj.png,White-faced Whistling-Duck
tIQnUnDOpuiG2f620rPhvlPdS0ylw7Z7ojLWZ60aI399tBJj.png,White-faced Whistling-Duck
tlj3a2twwxxmh17esw91we34g0awgn53kdnb5duqasp22u2.png,Resplendent Quetzal
tnplmqdxzire13scgixxdkygn2zvrjb21da2jsdnprxkv83n.png,American Redstart
tocdznbjkbqi8qo0m7nllo134qj8etsf613xzf1jibq3scgz.png,Northern Fulmar
tp21mibeml3ojjbjignrxk00u0ufybpzaty12uxhk85enz2i.png,Green Woodpecker
tpt0qp5e0yGkNodZdmQZRtUSIZ911Leut8HXpiuGJLVLhLSS.png,Puerto Rican Amazon
tqtky30wzb1hdqrwky2p2ma8dmj0y9iul7we2jyj66drdp8u.png,Ostrich
tqzfzykx3ckvapdc6rugep2loywqq7wvha2c7m52mv57ugyu.png,White-tailed Hawk
tqzfzykx3ckvapdc6rugep2loywqq7wvha2c7m52mv57ugyu.png,White-tailed Hawk
ts76x3u0y90aqiiegas32lh2692acj59s246qz4cmqxn05lu.png,Painted Bunting
tsfpmyckyj6a18cpkkdxko3db6z8dg6nw5uwcfuhyoyenp05.png,Black-legged Kittiwake
tu4mald8ypgwqt3givgclaa7hr4ucrsxm94tbu3uc4vkjmy.png,Akikiki
txfob1e8pqtbo1we82dkf5fm9deyy6q9yg9bwnp0ecz4t84p.png,Eastern Meadowlark
tybj0ilf3edxzj9soo8c69m90ac49elap8g4rb35kx6ndldt.png,Lilac-breasted Roller
u0wpk52sy8hhpjenfkmlheeult4o5ml2mi7b6k0imwku90f6.png,Budgerigar
u46in8xz8675j1jj6yi51xbuf81bowbki66qfibx7iqnat2j.png,Hooded Plover
u5omhejaqhnjjqc0n71uzbims0q9jtc9zlfry8wurkec0til.png,Eurasian Spoonbill
u8ctemsrpaesz6279kfw34emdazjauazngmvzejb2glqwavc.png,Golden-collared Macaw
UEJNUu1fM8uDHOopb2rY3F34DQda0svavLpFIgQoIuSxlhBv.png,Northern Rough-winged Swallow
ug6r3h0uoqk6kd30gmoa32spmef906bwdqqcewtgcnll5d2g.png,Kirtland's Warbler
ugt61lxeku64ysns7x6ufrhql9cs0d8oxdwvikxql39u6tdi.png,Ring-billed Gull
um20b1lznexz7t5tarmtea8yqtqlymloxk2s6pltud67mtq.png,Roseate Spoonbill
unp61wdu0u75aefe2gkgr735g64sxhafx423i2qz4912en.png,Northern Lapwing
uodc7gfdhpjo8vvzsg96luia32yjtd1ylix2xf4780n7rjyt.png,Short-billed Dowitcher
up1pqjcdtknnf5u2rc2aikbafnidv8obngdsmg2bojptkihi.png,Roadside Hawk
urm9mstw0inzskd0weszlttwe7448e4e8j0cu8zuot7s4j.png,Zebra Finch
ux1q72dou1azm8nuxw2vslxzldzv55pwlpuw33n52zqt4qmw.png,Red-breasted Toucan
uxcce4xj8gfbihmxqxu4afc7cvn31egp9g6jhlgu9gwvcpv.png,Red-flanked Bluetail
uy5vyac5jae8mswsx0hx5z69mv6dhcrg7iy4d8cs3wt8h7xo.png,Kentucky Warbler
v0d5o256yy0xauufzjmltou7yhb59lvybsand8hudlu7phm.png,Cedar Waxwing
v1k16uz6dddhcaxw0fsg57l3jlheeijgbrblvkfh3gjd6hn.png,White-crowned Parrot
v1k16uz6dddhcaxw0fsg57l3jlheeijgbrblvkfh3gjd6hn.png,White-crowned Parrot
v1rofudlobgs4639vw5b5l6xm7lj78lzmrth84yt27rajcx7.png,Gray Catbird
v9ntt8cp9qibxeao9jq98znn1p4i1hnab0lfuq8hkbzdv2hb.png,Umbrella Cockatoo
v9nukr09la5opafu9hsulzr3qmzdq92wc3e34g32c7sc3vk.png,Orange-fronted Parakeet
vb3hf23pn1ayt8csrfb3tdo07hyussulswmdppj01s6mi5x6.png,Wilson's Warbler
vb3hf23pn1ayt8csrfb3tdo07hyussulswmdppj01s6mi5x6.png,Wilson's Warbler
vbv1annlkwgkikc6w9ozyf9b4o3nzrruyevwhdx3lk0c9chs.png,Eastern Towhee
vgeeuavi4uulblp8mzeeabwwn63pk1ezk3risbls970.png,Atlantic Puffin
vkr8tetcipl3pdad983f976r2ay0ycn8mdc4t8tg01z222sz.png,Eurasian Oystercatcher
vlvs81hv206k9k4b8q4arybq8smpts78dp91y0dnvby0v1q4.png,Piping Plover
vma7trdnj7zwcm8b6r7as1v1zlxv4hwu5g0911ecqs0d322m.png,Greater Vasa-Parrot
VotX5UAuLy6DtxzPg9GZY9dgbNiyzn58J8gjdDwD7exTchoz.png,Allen's Hummingbird
vqqy61e374jgibkb0yrknpc68r6wvss5b18aorcdiqdk1ht2.png,White-winged Dove
vqqy61e374jgibkb0yrknpc68r6wvss5b18aorcdiqdk1ht2.png,White-winged Dove
vrgsyy91rpooq7v0cb32etoho2v1h64e8xmnd8m7gmtmy12t.png,African Pygmy Falcon
vsifdhacmmmgqunjamhrmlcsj8g6rx1mfh8tla4pedspp2ah.png,Whooping Crane
vsifdhacmmmgqunjamhrmlcsj8g6rx1mfh8tla4pedspp2ah.png,Whooping Crane
vsj7gd3jw0ddavt0a1b8m2fjnad3ha2ppfqe6p3upnvrc.png,White-rumped Vulture
vsj7gd3jw0ddavt0a1b8m2fjnad3ha2ppfqe6p3upnvrc.png,White-rumped Vulture
vtou9ge6px5femzc1nc2nnfqqstu2m61wnxgdf7cba56c4za.png,Red-tailed Black Cockatoo
vv7na035qbmv56m34ylu4xma3kg5pr025ddbl2mepy19i7d1.png,Saddle-billed Stork
vwckq3d95asvlhdby3gu61q215xa5a3wkki7920cqwndnfk5.png,Martial Eagle
vx8ud0jnw4a707otnegj1kzv68svquvmq0e7iscdpzneud.png,Masked Lapwing
W0dj89zniPk2a107Kzu5p2LYBb5K0uDmfSyrlamz28qMSI1j.png,Pesquet's Parrot
w1yiytge3jxrdu5uycyanq9t7421mo63xlxl7dj806cpbm7v.png,Peruvian Booby
w41necrqv6lf56zhbu1uo1o2m8nw1ieiv9ljorx96e5zkxc6.png,Black-backed Dwarf-Kingfisher
w4okhsxhhopetwkaj6dtoyg13gu6qk1u55b3698mngldy.png,Orchard Oriole
w6as0it1h9la5gjdyx1b5s3unpjhw714nksk2lol4vzwdg7u.png,Masked Booby
w7sjutmv7e3rt3qhq82d8e265iczbpa0xlg9jq9elo0700co.png,Blue-fronted Parrot
w9sgzdde2urvqrgjuynatnev2t2varsyo4k3jussjskvd2to.png,Sacred Kingfisher
wakbh610p01bg2ujvwfq7zjl36ogh6r20uf2f89k90a9donl.png,Vermilion Flycatcher
wbc3baheec9e7tahcbmxs44u14jn3qh7qo4wstp2obvydl3b.png,Merlin
we224k9nex54g1rs217jhr97poautf29jy8s9bv1urc5qpad.png,Palm Cockatoo
we4cuwqf9im8ceqlgqkvd8qm4cenpvhnr3ouo7f4yqist6n1.png,Tree Swallow
wetpSX57TvEB5FduiJ9O3lD50ZgDICkg04MsmkijQd6oiXgx.png,Christmas Shearwater
wfttou6wtahd6f72e4fuwvwk6wjklih7qvd0q2jpiyvui18s.png,Barred Parakeet
wgahxma6fyw67xdrdtlnl1rz014ig4j1n9nwsd5v64p98djy.png,Mississippi Kite
wgldvflfo5spu6290jtsuedelprvcycw5c6enpaih7wk7lcl.png,Marabou Stork
wgqc6eh43uprul44pcq384u0xr74jyqr32nqd08v7ues8mq.png,Black Hawk-Eagle
wgyir3ui461l9wirdbu0878w7u9xwc2kt0x2wg3m5yqyu2vd.png,Blue Jay
wizuku9q5mvqn9mso7m77nrdee8ck03aztin9r16ydcwp3ci.png,Tufted Duck
wjiica5f37f6o2hbt5jj3f6eyh0cu68rspc9zh5d2ts0jf9m.png,Red-headed Parrotfinch
wjs9cpwp9ptrdgyy8tvrqyyiwjl4auiwn0ff3ymaglf6327t.png,Gentoo Penguin
wkev5zm5f9ieaz9fz5ehad4wnvxlg7xswfq6s9yty70xc5qa.png,White-bellied Sea Eagle
wkev5zm5f9ieaz9fz5ehad4wnvxlg7xswfq6s9yty70xc5qa.png,White-bellied Sea Eagle
wqiaismm0b9nwf9msh39bpxlhvt324w6zk33c8me8u51ix2.png,Black Phoebe
wsuAQYK2B8MBxeFxaYsRxF6mB93I08TANoR45kt2gI9a0UrQ.png,Brahminy Kite
wuZP4vGN2GJ6wX14eLuC8lF9R87m40VCnzNPhlY7Smk3AFHT.png,Tricolored Heron
x2l2asniubzmc5rivf9htzfl9kqzh276fchhhd5et0xrx4a6.png,Nashville Warbler
x4klsseqc0rjidrkrqqu5552r36wntbwvj26470k2ivbeb4r.png,Double-crested Cormorant
x6j7gzai28gtp8kp2mjztvhopfoflpfm5sy4pzahra0w4vw4.png,Sooty Oystercatcher
x7imbiyuciutrdomtoe907dtwnvtsvt4q3363u6plswhy026.png,Blue-headed Macaw
x7nb8wsnwih7ls2wkmv3v86vsl63ghwy70jhhwb8f448j3md.png,Dunlin
x8rbepyaahblg11eob2f3rda7tx8rog2jmabunkr8p62vqif.png,Common Merganser
x9s6eum47ey8iv4g5iqacwsx5zir73ki45uv8gtbogdl239s.png,Lesser Scaup
xazghuxl62dubuusfa9echuzqeknha7rmx9tb9lwnn106erx.png,Siberian Crane
xbg0l7bji72tr4cykz91ocfdstgs3y09cpids6d72ckk56ag.png,Tufted Puffin
XBnLsgyzts61Z6a6Pt8UPVXhB4tyAt3tmBFfQGRFdd1Rsf0m.png,Ruddy Shelduck
xcqe7gh3j8cohlthmz3i76poi4jpoe1cgcoetl4tvznncr4n.png,Great Grey Owl
xdlcngpl7dlnr9633y6d0y16ot276ardcv8uzlmkx9hijtuo.png,Mealy Parrot
xfbdey2926z8pwxlq36fxkfj3joxcjq6fqbvi9jruw2wu7n5.png,Eastern Rosella
xhsia1nrzeu0y055wbayq6glfuyetu5kig9nbcdzrkwzpiuw.png,Cackling Goose
xhvngqh1dn30v1pzwpc9u2cj7syrmgwh638kvgogjnxyfagl.png,Broad-tailed Hummingbird
xi6ozgcgzjdp7x42fpcmg6h4csxjrc3nlm6wtkvsw4jfw711.png,Andean Cock-of-the-rock
xkzxf4op9dftdaaebblyujjfe1j1lkg24x3yogj53fisaz4k.png,Common Gallinule
xm892wexshu40nbm9bn7okxy02jrr0y76pqsv8or0jq4vi89.png,Hyacinth Macaw
xmdg8hbtb7e34n0b8k0xqngsct1g73eik6y9ld5l1czc0fyd.png,Sun Parakeet
xme50der3tc73ikfo4dol11l57sbg9km5jljjupp6z6e4205.png,Red-legged Partridge
xmyx170ps188dy3nktfa531hag71phtavzc0ahvpge9v3t2s.png,Chattering Lory
xnrnjgxmydt1t6mektg7byfnu9w646kkenjqbtve9y3xoao.png,Greater Prairie-Chicken
xompa30cad3ohojyuy9mvxza5cwc6qflve3df02e0xsycqdm.png,Boreal Chickadee
xp5ayncm21xlwgjlpuib4zfe3n8m8r9u3qmj7og222z7imd.png,Green-headed Tanager
xp903wedmoyf7napewdjqpgr1a4qik1cerkt804woox2i9.png,Plain Chachalaca
xpykdjm4exxnzk9t74t0z30k3h90vbevjfvgbjoekzj4za7t.png,Ornate Hawk-Eagle
xU4m4SQG58dbQ5rEAy3dUdZ93U2cD8dt0GgOF8HolN91h80s.png,Northern Emerald Toucanet
xxilcyob4ikcaolsujnaommhc6x0wflxmjgdcnxehxca6dwa.png,Northern Harrier
xxtteer8ux8unf7q6d8k6yvj4zfqx5o9c42ydw2mpm9cb6qm.png,Laughing Kookaburra
xzte5mpjewezo96uyz0sjticai8xxw9i0ag9qpocadodu58q.png,Andean Condor
y07w42926omse71pc2sy1qjd4trghu8fop0vlzfx8fyyt4sj.png,American Flamingo
y27pflz4pkeqb5p7015fye8xojrvm7gpzb782osn7oeqaboz.png,Common Hill Myna
y2cpso5d81r0ujmnmtokcf76qg3gzixexp13lve9ay3sobe6.png,Golden-cheeked Warbler
y54ygteknobrvpgtysqlho0eaxq7k2i3h4af6j5gh4skhn31.png,Emperor Penguin
y5ucp2li62egjms606hukd0swq2dmgrixbnrv7hmc2ytm7w7.png,Pied-billed Grebe
y61qsic3ybnttif4dq1b6agwa56jzdu85p14kdd2o0wqgon2.png,Corn Crake
y64ojll5oblfuixl4qpqonovi4v1adyt3f50xqfr109o8j8s.png,Eurasian Nuthatch
y8ahs2t9jysjlwqnaqmrn3o6e1s1wswt18193w3j0huqxh.png,Greater Flamingo
yb5eas1gxyotgt4ewre0zuyqu9oyx9pt6ym4hnd1o9ryu8bv.png,Barn Owl
yb5xyl8opvc6ziz8l2zl6nrpr64engadyp3il6vow9ysgo35.png,Green Jay
YbPIZpc5mUDA9UaO4GNHXG0ohjowNvTd2EwIwUDKCUrEjBUU.png,Pied Avocet
ychllqinq171dhhmq8f6tygmpfg59cqa9rkjc047v2jto3j5.png,Sabine's Gull
yditDbh22ZVChV3X6o7sZs1BQQ2GTeG1JTNRMCPkc9KgVZij.png,Pink-headed Fruit Dove
YEqSOYRtiFy8OEa8fX7hrr4Fge7OQ6xlWxI5k0LSOdwQTN4d.png,African Blue Tit
yg5cLKOle84B8sZ605SeC4qDq0O2Kzhtlcr1fzGlTJBXSv0o.png,Crested Owl
yh5ypuzwe0xhpr5gv933aahnp6lhdlja9krqr84rsgss7mda.png,Eurasian Jay
YiRtfTaqtE9YX6UJsOShGDAD68SoW6TkpnMGXvxGWVlAs3If.png,Hadada Ibis
yj8ilmy3x4ik76efcj9u0j8gk25mtwasdnt9zdjmzxm1g87t.png,Eurasian Curlew
yjr13lfnig2hiu1gipmh2qhfwtgpl5cw447iorgfihbpsz2u.png,Franklin's Gull
ymu4ek949hxz7ciku7m742v9n94f8nca399utm8pog1mch1y.png,Ivory Gull
yptrsypnh4bnabkbd0is2jlilg0qp4ghna7kv9paih8zutq8.png,Black Tern
yrfW2ODE8TrCe8KGQFlZxLsM9T43Q0I40OqWijHXCqvZimVI.png,Puerto Rican Lizard-Cuckoo
ys7uicq1cypzz3cpn3cm53d11mxcmlxbbauapjov37rf0t94.png,Blue-faced Parrotfinch
ysq05nodqthnqtuxgtdnqfnx3iwx7beev5p4gq5giti49cx.png,Bufflehead
yup6dcay23iwkt0sofyki616yktdpakp8879kokpbba5r9gn.png,Indian Vulture
yxf53p3opwmdkwene4nmzgvpvl4mn21cna6mxszeh7pg53h.png,Guira Cuckoo
Z0705exbP5FqLc3f6Z0qB2fgvRkYYFzMopHREa5ZA7gKrT48.png,Yellow-billed Cuckoo
z1cVHbHa83nB4Smd0S69m2XD0PXbI4oj3K6b21oMTVYeas0S.png,Storm's Stork
z5rekqvauu4sb0m28t9rhdlmwfbqax1phbxlo6wf6z054w4w.png,Woodhouse's Scrub-Jay
z63b7slbk74z8b8qg5fa1befi08gbud8te262i1lufa9qoop.png,Red-cockaded Woodpecker
z901iag0xrhf9ng2zbhtb02byobuebhdw5pmyq8xo7ewtt6k.png,Blue-winged Teal
za2epjkv9f6ozqibu3o4584nszze3bx5dz4wbmmvosvsv4go.png,White-throated Sparrow
za2epjkv9f6ozqibu3o4584nszze3bx5dz4wbmmvosvsv4go.png,White-throated Sparrow
zbmSDy9IqaCzj7mj0vpZlUlm0m9U7ELKpJsBNEvQFq3JaFLI.png,Venezuelan Troupial
zebpi715kr5z9ndcahno1ybkfv92y1l0e144o1o302jxz6w0.png,Black-capped Vireo
zehuonv35xlzotvbkgwk6reidap2lfsd94bjboambrdyj489.png,Ring-necked Duck
zfffr635p3kchihbspmfpv72zcfgqpqdrmbrrdkqwvqbfage.png,Blue Crane
zgnk4x7q4sdofvk44ttcq6mh9ys0hl8xl3fewywlgiw978w1.png,Lesser Prairie-Chicken
zK6aIlTxkqETQmgM5KJPfdYJ5MYzgy8b4mrfq0hV5wHg5yyM.png,White-eyed Vireo
zK6aIlTxkqETQmgM5KJPfdYJ5MYzgy8b4mrfq0hV5wHg5yyM.png,White-eyed Vireo
zkkrhgb7jchpu3zat8ms7hnp1tq0lgk4b3ml9tkrzskz08p1.png,Black-throated Sparrow
zl3n7gpupr9qs2fiykyg1ct3zu10t065mpb31ohtcknijl3g.png,Blue-crowned Conure
zlau2tespxbgdso1moyxc5x8ka5a0bjsz476ugr2m24corcl.png,Western Bluebird
zm2tdkwunuiwc2wob49oxkoh0vyh6icfsq3lc35e02bmp1ux.png,Alexandrine Parakeet
zoem4vgy6ao1oro1kgmi158mtxsva5ilo7mtnjtvgfj2kayo.png,Hairy Woodpecker
zomdjmfwdmhrs4povsaus9bhtfm4fy3vvel2unrsqt7lu4e.png,Hooded Pitta
zpt26ge9z8s6ym18nx8lqsf60j9yg810uwxcuzf5se00ns.png,Red-headed Woodpecker
zqhviuzg65z07q8tpuiekmckdfs4ygqbtdjlpl5ga5bvsxxw.png,Scissor-tailed Flycatcher
ZrG57Ty6yXU5xP37t5cdzVikROq2qExlcZrd0BoRe2wfy70L.png,Vietnam Pheasant
ztmy4m8hwdo2p08onunk4dcisr24yt8k4qn0yhwusovhflye.png,Great Blue Turaco
zvwazello6pzmlmkzcdhft3cgoaws44j1sxp3vlj2bf75n7d.png,Yellow-headed Amazon
zx2b6mmfbeuqvpptb0agbazxa604t1kqw8bwabjpuwsfs5rr.png,Clark's Nutcracker
Zxj0G1a5XKxVdgbWTRccjjyHar319wEJR9cVvaBce4c27nZP.png,Red-crowned Parakeet